passenger_id,route,bus,start_time,end_time,count,stops
P000009,r20,bus019,370,375,6,VIP Road -> New Town
P000004,r14,bus074,375,385,6,Ballygunge -> Park Circus -> Sealdah
P000001,r1,bus077,370,410,6,MG Road -> Shyambazar -> Sinthee More -> Baranagar -> Dunlop -> BT Road -> Tobin Road -> Khardah -> Titagarh
P000005,r30,bus027,365,385,5,Gariahat -> Ultadanga -> VIP Road -> Airport Gate No. 1 -> Barasat
P000007,r48,bus166,365,380,4,Ripon Street -> SN Banerjee -> Lalbazar -> Howrah Station
P000000,r15,bus066,360,375,2,Bagbazar -> Shyambazar -> Esplanade -> Park Circus
P000002,r3,bus049,370,375,1,Kalighat -> Minto Park
P000006,r3,bus049,370,380,1,Kalighat -> Minto Park -> Esplanade
P000008,r40,bus035,365,385,3,Esplanade -> Kalighat -> Jadavpur -> Garia -> Narendrapur
P000014,r2,bus109,365,375,6,Sealdah -> Park Circus -> Ruby
P000011,r28,bus008,370,380,6,Phoolbagan -> Ultadanga -> Dumdum
P000012,r3,bus049,370,390,6,Kalighat -> Minto Park -> Esplanade -> Ultadanga -> Salt Lake
P000018,r2,bus109,370,375,4,Park Circus -> Ruby
P000019,r44,bus071,370,385,2,Eco Park -> Eco Space -> Unitech -> Salt Lake
P000013,r10,bus053,370,375,1,Shyambazar -> Esplanade
P000017,r3,bus049,370,375,3,Kalighat -> Minto Park
P000015,r15,bus066,370,380,3,Esplanade -> Park Circus -> Ruby Hospital
P000010,r12,bus025,375,385,2,Ultadanga -> Phoolbagan -> Sealdah
P000016,r57,bus047,370,385,1,New Town -> Eco Park -> Chinar Park -> Airport
P000020,r7,bus248,375,380,5,Salt Lake -> Karunamoyee
P000021,r21,bus018,375,380,6,Gariahat -> Ultadanga
P000024,r22,bus046,375,385,6,Sealdah -> MG Road -> Howrah Station
P000025,r14,bus074,375,385,5,Ballygunge -> Park Circus -> Sealdah
P000022,r29,bus009,375,380,1,Salt Lake -> New Town
P000023,r8,bus017,370,385,3,Salt Lake -> Ultadanga -> Esplanade -> Howrah Station
P000039,r34,bus054,380,385,6,Salt Lake -> New Town
P000027,r56,bus004,380,385,3,MG Road -> Park Street
P000035,r34,bus054,380,385,5,Salt Lake -> New Town
P000030,r6,bus118,385,390,5,Kalighat -> Esplanade
P000036,r29,bus009,380,385,4,New Town -> Eco Park
P000033,r54,bus075,380,385,1,Rashbehari -> Tollygunge
P000040,r13,bus098,395,405,6,Esplanade -> Ballygunge -> Garia
P000067,r30,bus027,410,425,6,Barasat -> Airport Gate No. 1 -> VIP Road -> Ultadanga
P000069,r52,bus026,410,435,1,Kalighat -> Bhowanipore -> Rabindra Sadan -> Maidan -> Park Street -> Esplanade
P000059,r28,bus008,410,425,4,Ultadanga -> Phoolbagan -> Sealdah -> Park Street
P000063,r44,bus071,410,435,2,Salt Lake -> Unitech -> Eco Space -> Eco Park -> New Town -> Rajarhat
P000073,r44,bus071,410,430,3,Salt Lake -> Unitech -> Eco Space -> Eco Park -> New Town
P000072,r14,bus074,410,415,2,Sealdah -> Park Circus
P000074,r28,bus008,410,425,1,Ultadanga -> Phoolbagan -> Sealdah -> Park Street
P000083,r8,bus017,415,425,5,Esplanade -> Ultadanga -> Salt Lake
P000086,r8,bus017,420,435,4,Ultadanga -> Salt Lake -> Newtown -> Rajarhat
P000080,r12,bus025,420,435,4,Ultadanga -> VIP Road -> Airport Gate No. 1 -> Barasat
P000087,r27,bus052,410,425,3,Salt Lake -> Ultadanga -> Ruby -> Garia
P000094,r40,bus035,415,430,5,Garia -> Jadavpur -> Kalighat -> Esplanade
P000098,r25,bus001,420,445,5,Esplanade -> Ultadanga -> Karunamoyee -> Salt Lake -> ECO Park -> New Town
P000097,r12,bus025,420,435,6,Ultadanga -> VIP Road -> Airport Gate No. 1 -> Barasat
P000093,r25,bus001,425,445,3,Ultadanga -> Karunamoyee -> Salt Lake -> ECO Park -> New Town
P000089,r8,bus017,415,425,1,Esplanade -> Ultadanga -> Salt Lake
P000096,r27,bus052,415,425,4,Ultadanga -> Ruby -> Garia
P000095,r28,bus008,410,425,3,Ultadanga -> Phoolbagan -> Sealdah -> Park Street
P000104,r27,bus052,420,425,5,Ruby -> Garia
P000110,r12,bus025,420,435,5,Ultadanga -> VIP Road -> Airport Gate No. 1 -> Barasat
P000105,r10,bus053,415,420,2,Tollygunge -> Esplanade
P000106,r58,bus016,430,435,3,Lalbazar -> Howrah Station
P000112,r8,bus017,415,435,3,Esplanade -> Ultadanga -> Salt Lake -> Newtown -> Rajarhat
P000101,r2,bus109,425,430,1,Park Circus -> Sealdah
P000122,r37,bus033,425,435,5,Shyambazar -> MG Road -> Park Circus
P000125,r29,bus009,425,430,4,Ultadanga -> Phoolbagan
P000127,r8,bus017,420,425,1,Ultadanga -> Salt Lake
P000124,r18,bus146,430,435,5,Esplanade -> Howrah Station
P000129,r17,bus012,420,425,2,Phoolbagan -> Ultadanga
P000113,r25,bus001,425,445,1,Ultadanga -> Karunamoyee -> Salt Lake -> ECO Park -> New Town
P000121,r12,bus025,420,435,4,Ultadanga -> VIP Road -> Airport Gate No. 1 -> Barasat
P000120,r4,bus007,420,425,3,Jadavpur -> Garia
P000123,r29,bus009,425,435,1,Ultadanga -> Phoolbagan -> Sealdah
P000117,r14,bus074,420,435,2,Ballygunge -> Gariahat -> Rashbehari -> Tollygunge
P000114,r57,bus047,420,430,1,Eco Park -> New Town -> Salt Lake
P000116,r14,bus074,420,435,1,Ballygunge -> Gariahat -> Rashbehari -> Tollygunge
P000131,r19,bus028,430,435,3,Ultadanga -> Salt Lake
P000134,r8,bus017,425,435,6,Salt Lake -> Newtown -> Rajarhat
P000132,r37,bus033,425,435,3,Shyambazar -> MG Road -> Park Circus
P000135,r3,bus049,425,445,2,Esplanade -> Minto Park -> Kalighat -> Hazra -> Tollygunge
P000138,r30,bus027,425,435,1,Ultadanga -> Gariahat -> Ruby
P000144,r6,bus118,435,440,3,Gariahat -> Bosepukur
P000151,r6,bus118,435,445,5,Gariahat -> Bosepukur -> Kasba
P000154,r48,bus166,450,470,2,Park Circus -> Ripon Street -> SN Banerjee -> Lalbazar -> Howrah Station
P000157,r27,bus052,455,470,5,Ruby -> Ultadanga -> Salt Lake -> Karunamoyee
P000163,r15,bus066,455,460,6,Shyambazar -> Esplanade
P000164,r26,bus003,450,460,5,Esplanade -> Ultadanga -> Salt Lake
P000159,r20,bus019,450,470,5,Dumdum -> Airport Gate No. 1 -> VIP Road -> New Town -> Eco Park
P000170,r16,bus101,450,470,4,Howrah Station -> Shibpur -> Alipore -> Tollygunge -> Garia
P000175,r4,bus007,460,465,4,Kalighat -> Esplanade
P000178,r7,bus248,455,465,5,Shyambazar -> Beleghata -> Salt Lake
P000174,r54,bus075,460,485,4,Sealdah -> Moulali -> Park Circus -> Ballygunge -> Rashbehari -> Tollygunge
P000173,r28,bus008,450,470,2,Park Street -> Sealdah -> Phoolbagan -> Ultadanga -> Dumdum
P000176,r6,bus118,440,445,1,Bosepukur -> Kasba
P000182,r7,bus248,455,470,4,Shyambazar -> Beleghata -> Salt Lake -> Karunamoyee
P000181,r26,bus003,450,470,6,Esplanade -> Ultadanga -> Salt Lake -> New Town -> Rajarhat
P000185,r21,bus018,465,470,5,Gariahat -> Ultadanga
P000183,r35,bus034,450,460,2,Esplanade -> Ultadanga -> Karunamoyee
P000180,r18,bus146,465,485,3,Esplanade -> Minto Park -> Gariahat -> Ruby Hospital -> Patuli
P000184,r48,bus166,455,470,2,Ripon Street -> SN Banerjee -> Lalbazar -> Howrah Station
P000187,r25,bus001,470,475,6,New Town -> ECO Park
P000191,r26,bus003,455,465,5,Ultadanga -> Salt Lake -> New Town
P000192,r10,bus053,465,485,6,Belgachia -> Shyambazar -> Esplanade -> Tollygunge -> Joka
P000195,r14,bus074,465,480,3,Rashbehari -> Gariahat -> Ballygunge -> Park Circus
P000190,r30,bus027,460,475,4,Ruby -> Gariahat -> Ultadanga -> VIP Road
P000188,r50,bus021,460,480,4,Dumdum -> Lake Town -> Bangur -> Ultadanga -> Bidhannagar
P000189,r2,bus109,470,475,3,Park Circus -> Ruby
P000193,r21,bus018,455,470,1,Kalighat -> Hazra -> Gariahat -> Ultadanga
P000198,r4,bus007,455,470,4,Jadavpur -> Kalighat -> Esplanade -> Howrah Station
P000199,r4,bus007,460,465,1,Kalighat -> Esplanade
P000186,r30,bus027,465,480,3,Gariahat -> Ultadanga -> VIP Road -> Airport Gate No. 1
P000197,r8,bus017,470,480,2,Salt Lake -> Ultadanga -> Esplanade
P000194,r17,bus012,465,485,1,Karunamoyee -> Ultadanga -> Phoolbagan -> Sealdah -> Park Street
P000196,r57,bus047,470,485,1,New Town -> Eco Park -> Chinar Park -> Airport
P000203,r25,bus001,470,475,2,New Town -> ECO Park
P000205,r55,bus076,465,485,6,Jadavpur -> Kasba -> Bosepukur -> Gariahat -> Ruby
P000207,r37,bus033,470,485,6,Shyambazar -> Baranagar -> Dunlop -> Titagarh
P000208,r57,bus047,460,485,5,Ultadanga -> Salt Lake -> New Town -> Eco Park -> Chinar Park -> Airport
P000200,r4,bus007,460,470,4,Kalighat -> Esplanade -> Howrah Station
P000202,r53,bus011,460,480,1,Jadavpur -> Dhakuria -> Gariahat -> Golpark -> Bosepukur
P000206,r2,bus109,475,480,1,Ruby -> Garia
P000201,r49,bus100,465,485,2,Shyambazar -> Beleghata -> Phoolbagan -> Salt Lake -> Sector V
P000204,r18,bus146,460,485,2,Howrah Station -> Esplanade -> Minto Park -> Gariahat -> Ruby Hospital -> Patuli
P000210,r7,bus248,465,470,5,Salt Lake -> Karunamoyee
P000211,r19,bus028,460,475,5,Salt Lake -> Ultadanga -> Phoolbagan -> Park Circus
P000213,r2,bus109,470,485,2,Park Circus -> Ruby -> Garia -> Sonarpur
P000216,r51,bus082,465,485,3,Lalbazar -> Esplanade -> Rashbehari -> Gariahat -> Ruby
P000212,r2,bus109,470,480,1,Park Circus -> Ruby -> Garia
P000214,r50,bus021,465,485,2,Lake Town -> Bangur -> Ultadanga -> Bidhannagar -> Salt Lake
P000209,r53,bus011,470,485,1,Gariahat -> Golpark -> Bosepukur -> Kasba
P000220,r15,bus066,465,470,6,Park Circus -> Ruby Hospital
P000219,r37,bus033,470,485,6,Shyambazar -> Baranagar -> Dunlop -> Titagarh
P000225,r2,bus109,470,485,5,Park Circus -> Ruby -> Garia -> Sonarpur
P000218,r3,bus049,470,495,5,Tollygunge -> Hazra -> Kalighat -> Minto Park -> Esplanade -> Ultadanga
P000222,r22,bus046,470,485,5,Ballygunge -> Sealdah -> MG Road -> Howrah Station
P000217,r3,bus049,480,490,1,Kalighat -> Minto Park -> Esplanade
P000223,r39,bus010,470,480,4,SN Banerjee -> Esplanade -> Park Street
P000224,r6,bus118,470,490,2,Kasba -> Bosepukur -> Gariahat -> Golpark -> Hazra
P000227,r58,bus016,475,485,6,Kalighat -> Jadavpur -> Garia
P000228,r42,bus093,475,485,2,Sakherbazar -> Tollygunge -> Kalighat
P000226,r30,bus027,475,480,5,VIP Road -> Airport Gate No. 1
P000232,r17,bus012,480,485,3,Sealdah -> Park Street
P000231,r0,bus002,480,515,4,College More -> New Town -> Unitech -> Eco Space -> Aliah University -> Daber More -> ECO Park -> City
P000233,r34,bus054,480,495,1,Kalighat -> Esplanade -> Salt Lake -> New Town
P000234,r43,bus014,480,485,1,Park Circus -> Ruby
P000236,r14,bus074,480,485,1,Park Circus -> Sealdah
P000247,r3,bus049,485,490,3,Minto Park -> Esplanade
P000241,r25,bus001,490,500,4,Ultadanga -> Esplanade -> Howrah Station
P000248,r6,bus118,495,500,2,Kalighat -> Esplanade
P000246,r58,bus016,480,485,3,Jadavpur -> Garia
P000237,r4,bus007,500,515,2,Esplanade -> Kalighat -> Jadavpur -> Garia
P000239,r21,bus018,500,510,1,Gariahat -> Hazra -> Kalighat
P000242,r28,bus008,500,515,1,Ultadanga -> Phoolbagan -> Sealdah -> Park Street
P000255,r16,bus101,500,515,3,Tollygunge -> Alipore -> Shibpur -> Howrah Station
P000263,r4,bus007,495,505,5,Howrah Station -> Esplanade -> Kalighat
P000259,r27,bus052,505,515,5,Ultadanga -> Ruby -> Garia
P000264,r16,bus101,500,515,4,Tollygunge -> Alipore -> Shibpur -> Howrah Station
P000262,r29,bus009,510,520,4,Eco Park -> New Town -> Salt Lake
P000271,r9,bus089,510,520,6,Esplanade -> Kalighat -> Rashbehari
P000270,r16,bus101,500,515,3,Tollygunge -> Alipore -> Shibpur -> Howrah Station
P000277,r22,bus046,515,520,5,MG Road -> Sealdah
P000278,r10,bus053,515,520,5,Tollygunge -> Esplanade
P000274,r44,bus071,510,525,2,Salt Lake -> Unitech -> Eco Space -> Eco Park
P000273,r22,bus046,520,535,4,Sealdah -> Ballygunge -> Jadavpur -> Garia
P000282,r10,bus053,515,520,5,Tollygunge -> Esplanade
P000284,r44,bus071,510,530,4,Salt Lake -> Unitech -> Eco Space -> Eco Park -> New Town
P000279,r21,bus018,505,510,2,Hazra -> Kalighat
P000286,r28,bus008,510,515,5,Sealdah -> Park Street
P000287,r29,bus009,525,535,4,Ultadanga -> Phoolbagan -> Sealdah
P000283,r19,bus028,525,535,1,Phoolbagan -> Ultadanga -> Salt Lake
P000294,r2,bus109,515,530,4,Garia -> Ruby -> Park Circus -> Sealdah
P000295,r12,bus025,525,530,2,VIP Road -> Airport Gate No. 1
P000299,r40,bus035,520,530,5,Jadavpur -> Kalighat -> Esplanade
P000300,r40,bus035,515,530,4,Garia -> Jadavpur -> Kalighat -> Esplanade
P000301,r10,bus053,515,520,1,Tollygunge -> Esplanade
P000297,r22,bus046,520,535,2,Sealdah -> Ballygunge -> Jadavpur -> Garia
P000310,r3,bus049,525,530,5,Salt Lake -> Ultadanga
P000302,r37,bus033,525,535,1,Shyambazar -> MG Road -> Park Circus
P000308,r16,bus101,540,560,4,Howrah Station -> Shibpur -> Alipore -> Tollygunge -> Garia
P000309,r22,bus046,530,535,2,Jadavpur -> Garia
P000313,r28,bus008,545,560,3,Sealdah -> Phoolbagan -> Ultadanga -> Dumdum
P000321,r28,bus008,540,560,5,Park Street -> Sealdah -> Phoolbagan -> Ultadanga -> Dumdum
P000327,r14,bus074,530,535,5,Rashbehari -> Tollygunge
P000322,r32,bus005,540,555,4,Gariahat -> Ballygunge -> Park Circus -> VIP Road
P000326,r24,bus037,540,555,4,Bagbazar -> Shyambazar -> Esplanade -> Sealdah
P000328,r25,bus001,535,540,3,Ultadanga -> Karunamoyee
P000319,r4,bus007,550,555,3,Kalighat -> Esplanade
P000320,r24,bus037,540,555,3,Bagbazar -> Shyambazar -> Esplanade -> Sealdah
P000324,r28,bus008,550,560,2,Phoolbagan -> Ultadanga -> Dumdum
P000325,r48,bus166,545,560,1,Ripon Street -> SN Banerjee -> Lalbazar -> Howrah Station
P000333,r20,bus019,555,560,5,New Town -> Eco Park
P000337,r1,bus077,550,570,6,Dunlop -> BT Road -> Tobin Road -> Khardah -> Titagarh
P000340,r15,bus066,545,555,5,Shyambazar -> Esplanade -> Park Circus
P000338,r25,bus001,545,555,1,Salt Lake -> ECO Park -> New Town
P000341,r15,bus066,540,555,2,Bagbazar -> Shyambazar -> Esplanade -> Park Circus
P000329,r28,bus008,550,560,3,Phoolbagan -> Ultadanga -> Dumdum
P000334,r1,bus077,545,570,3,Baranagar -> Dunlop -> BT Road -> Tobin Road -> Khardah -> Titagarh
P000339,r6,bus118,545,555,2,Gariahat -> Bosepukur -> Kasba
P000350,r26,bus003,545,550,4,Ultadanga -> Salt Lake
P000354,r4,bus007,550,555,6,Kalighat -> Esplanade
P000345,r7,bus248,545,560,1,Shyambazar -> Beleghata -> Salt Lake -> Karunamoyee
P000349,r46,bus111,560,570,2,Garia -> Kamalgazi -> Narendrapur
P000347,r15,bus066,545,560,4,Shyambazar -> Esplanade -> Park Circus -> Ruby Hospital
P000348,r17,bus012,560,580,4,Salt Lake Sector V -> Karunamoyee -> Ultadanga -> Phoolbagan -> Sealdah
P000355,r6,bus118,545,550,4,Gariahat -> Bosepukur
P000344,r26,bus003,550,560,1,Salt Lake -> New Town -> Rajarhat
P000360,r4,bus007,550,555,6,Kalighat -> Esplanade
P000356,r39,bus010,565,580,3,MG Road -> SN Banerjee -> Esplanade -> Park Street
P000362,r51,bus082,565,585,6,Lalbazar -> Esplanade -> Rashbehari -> Gariahat -> Ruby
P000357,r9,bus089,565,585,5,Dhakuria -> Gariahat -> Rashbehari -> Kalighat -> Esplanade
P000361,r19,bus028,565,585,4,Ultadanga -> Phoolbagan -> Park Circus -> Ruby -> Garia
P000358,r16,bus101,550,560,1,Alipore -> Tollygunge -> Garia
P000359,r57,bus047,560,580,1,Ultadanga -> Salt Lake -> New Town -> Eco Park -> Chinar Park
P000363,r11,bus015,565,585,6,Dumdum -> Shyambazar -> Esplanade -> Maidan -> Rabindra Sadan
P000368,r7,bus248,550,560,4,Beleghata -> Salt Lake -> Karunamoyee
P000370,r29,bus009,570,575,4,Ultadanga -> Salt Lake
P000364,r4,bus007,550,555,5,Kalighat -> Esplanade
P000366,r8,bus017,560,575,2,Rajarhat -> Newtown -> Salt Lake -> Ultadanga
P000367,r20,bus019,555,560,1,New Town -> Eco Park
P000365,r49,bus100,560,575,2,Bagbazar -> Shyambazar -> Beleghata -> Phoolbagan
P000369,r1,bus077,555,575,5,BT Road -> Tobin Road -> Khardah -> Titagarh -> Barrackpore
P000371,r40,bus035,565,570,6,Esplanade -> Kalighat
P000374,r2,bus109,565,570,6,Sealdah -> Park Circus
P000375,r11,bus015,570,585,6,Shyambazar -> Esplanade -> Maidan -> Rabindra Sadan
P000376,r46,bus111,560,580,6,Garia -> Kamalgazi -> Narendrapur -> Sonarpur -> Garia Station Road
P000377,r29,bus009,570,580,4,Ultadanga -> Salt Lake -> New Town
P000372,r2,bus109,570,580,5,Park Circus -> Ruby -> Garia
P000373,r2,bus109,565,570,1,Sealdah -> Park Circus
P000384,r44,bus071,560,575,6,Rajarhat -> New Town -> Eco Park -> Eco Space
P000385,r2,bus109,560,575,6,Howrah -> Sealdah -> Park Circus -> Ruby
P000378,r29,bus009,565,575,5,Phoolbagan -> Ultadanga -> Salt Lake
P000379,r29,bus009,570,575,1,Ultadanga -> Salt Lake
P000380,r2,bus109,565,575,4,Sealdah -> Park Circus -> Ruby
P000383,r17,bus012,570,585,3,Ultadanga -> Phoolbagan -> Sealdah -> Park Street
P000382,r1,bus077,565,575,2,Khardah -> Titagarh -> Barrackpore
P000389,r2,bus109,570,575,6,Park Circus -> Ruby
P000388,r29,bus009,570,585,4,Ultadanga -> Salt Lake -> New Town -> Eco Park
P000393,r38,bus073,575,580,4,Ultadanga -> Karunamoyee
P000392,r8,bus017,570,585,5,Salt Lake -> Ultadanga -> Esplanade -> Howrah Station
P000391,r6,bus118,580,610,4,Kasba -> Bosepukur -> Gariahat -> Golpark -> Hazra -> Kalighat -> Esplanade
P000386,r3,bus049,580,610,3,Tollygunge -> Hazra -> Kalighat -> Minto Park -> Esplanade -> Ultadanga -> Salt Lake
P000387,r43,bus014,565,580,1,Shyambazar -> MG Road -> Sealdah -> Park Circus
P000390,r11,bus015,570,585,1,Shyambazar -> Esplanade -> Maidan -> Rabindra Sadan
P000395,r9,bus089,570,585,1,Gariahat -> Rashbehari -> Kalighat -> Esplanade
P000394,r46,bus111,570,585,1,Narendrapur -> Sonarpur -> Garia Station Road -> Ruby Hospital
P000400,r43,bus014,575,580,6,Sealdah -> Park Circus
P000396,r51,bus082,580,585,5,Gariahat -> Ruby
P000399,r18,bus146,575,585,4,Gariahat -> Ruby Hospital -> Patuli
P000401,r3,bus049,580,595,2,Tollygunge -> Hazra -> Kalighat -> Minto Park
P000402,r5,bus006,580,585,1,Esplanade -> Howrah Station
P000407,r34,bus054,595,605,6,Esplanade -> Salt Lake -> New Town
P000405,r42,bus093,585,605,3,Sakherbazar -> Tollygunge -> Kalighat -> Hazra -> Minto Park
P000408,r55,bus076,575,585,6,Bosepukur -> Gariahat -> Ruby
P000403,r34,bus054,580,605,5,Tollygunge -> Hazra -> Kalighat -> Esplanade -> Salt Lake -> New Town
P000406,r55,bus076,575,585,4,Bosepukur -> Gariahat -> Ruby
P000410,r38,bus073,575,585,2,Ultadanga -> Karunamoyee -> Salt Lake Sector V
P000404,r17,bus012,580,585,1,Sealdah -> Park Street
P000417,r25,bus001,590,595,3,Salt Lake -> Karunamoyee
P000412,r37,bus033,580,585,6,Dunlop -> Titagarh
P000413,r16,bus101,590,605,4,Tollygunge -> Alipore -> Shibpur -> Howrah Station
P000415,r42,bus093,585,605,2,Sakherbazar -> Tollygunge -> Kalighat -> Hazra -> Minto Park
P000424,r34,bus054,595,605,4,Esplanade -> Salt Lake -> New Town
P000428,r28,bus008,590,605,5,Ultadanga -> Phoolbagan -> Sealdah -> Park Street
P000420,r28,bus008,590,600,2,Ultadanga -> Phoolbagan -> Sealdah
P000423,r25,bus001,590,610,2,Salt Lake -> Karunamoyee -> Ultadanga -> Esplanade -> Howrah Station
P000430,r54,bus075,610,625,6,Tollygunge -> Rashbehari -> Ballygunge -> Park Circus
P000432,r34,bus054,600,610,6,Salt Lake -> New Town -> Rajarhat
P000431,r0,bus002,605,610,1,New Town -> Unitech
P000446,r0,bus002,615,635,6,Eco Space -> Aliah University -> Daber More -> ECO Park -> City
P000439,r6,bus118,600,610,3,Hazra -> Kalighat -> Esplanade
P000447,r12,bus025,610,620,4,Sealdah -> Phoolbagan -> Ultadanga
P000450,r44,bus071,610,630,4,Salt Lake -> Unitech -> Eco Space -> Eco Park -> New Town
P000454,r9,bus089,610,625,1,Esplanade -> Kalighat -> Rashbehari -> Gariahat
P000452,r6,bus118,600,610,1,Hazra -> Kalighat -> Esplanade
P000451,r25,bus001,605,610,2,Esplanade -> Howrah Station
P000460,r29,bus009,620,625,6,Salt Lake -> Ultadanga
P000456,r12,bus025,620,635,4,Ultadanga -> VIP Road -> Airport Gate No. 1 -> Barasat
P000461,r14,bus074,610,635,4,Sealdah -> Park Circus -> Ballygunge -> Gariahat -> Rashbehari -> Tollygunge
P000458,r12,bus025,620,635,3,Ultadanga -> VIP Road -> Airport Gate No. 1 -> Barasat
P000471,r26,bus003,630,645,5,Esplanade -> Ultadanga -> Salt Lake -> New Town
P000467,r18,bus146,625,630,4,Minto Park -> Esplanade
P000470,r15,bus066,630,645,4,Bagbazar -> Shyambazar -> Esplanade -> Park Circus
P000469,r14,bus074,615,635,4,Park Circus -> Ballygunge -> Gariahat -> Rashbehari -> Tollygunge
P000463,r55,bus076,610,635,3,Ruby -> Gariahat -> Bosepukur -> Kasba -> Jadavpur -> Garia
P000466,r16,bus101,630,645,2,Howrah Station -> Shibpur -> Alipore -> Tollygunge
P000464,r48,bus166,630,645,1,Park Circus -> Ripon Street -> SN Banerjee -> Lalbazar
P000473,r7,bus248,635,650,5,Shyambazar -> Beleghata -> Salt Lake -> Karunamoyee
P000475,r33,bus045,630,635,4,Kasba -> Gariahat
P000476,r48,bus166,630,645,6,Park Circus -> Ripon Street -> SN Banerjee -> Lalbazar
P000477,r0,bus002,620,635,5,Aliah University -> Daber More -> ECO Park -> City
P000474,r15,bus066,635,650,1,Shyambazar -> Esplanade -> Park Circus -> Ruby Hospital
P000481,r4,bus007,630,650,5,Garia -> Jadavpur -> Kalighat -> Esplanade -> Howrah Station
P000480,r2,bus109,625,630,3,Park Circus -> Sealdah
P000479,r29,bus009,625,635,2,Ultadanga -> Phoolbagan -> Sealdah
P000487,r28,bus008,630,650,6,Park Street -> Sealdah -> Phoolbagan -> Ultadanga -> Dumdum
P000488,r4,bus007,640,645,2,Kalighat -> Esplanade
P000486,r4,bus007,645,650,4,Esplanade -> Howrah Station
P000489,r28,bus008,640,650,1,Phoolbagan -> Ultadanga -> Dumdum
P000495,r20,bus019,635,650,6,Airport Gate No. 1 -> VIP Road -> New Town -> Eco Park
P000490,r25,bus001,645,665,5,Ultadanga -> Karunamoyee -> Salt Lake -> ECO Park -> New Town
P000497,r20,bus019,635,650,3,Airport Gate No. 1 -> VIP Road -> New Town -> Eco Park
P000509,r25,bus001,645,655,6,Ultadanga -> Karunamoyee -> Salt Lake
P000504,r7,bus248,640,650,3,Beleghata -> Salt Lake -> Karunamoyee
P000505,r25,bus001,645,655,3,Ultadanga -> Karunamoyee -> Salt Lake
P000506,r25,bus001,640,650,5,Esplanade -> Ultadanga -> Karunamoyee
P000503,r4,bus007,640,645,5,Kalighat -> Esplanade
P000510,r4,bus007,640,645,5,Kalighat -> Esplanade
P000507,r15,bus066,640,650,5,Esplanade -> Park Circus -> Ruby Hospital
P000508,r4,bus007,635,650,5,Jadavpur -> Kalighat -> Esplanade -> Howrah Station
P000511,r26,bus003,640,650,3,Salt Lake -> New Town -> Rajarhat
P000512,r15,bus066,640,645,1,Esplanade -> Park Circus
P000519,r46,bus111,660,675,5,Garia -> Kamalgazi -> Narendrapur -> Sonarpur
P000515,r4,bus007,645,650,5,Esplanade -> Howrah Station
P000516,r46,bus111,660,670,3,Garia -> Kamalgazi -> Narendrapur
P000518,r16,bus101,640,645,2,Alipore -> Tollygunge
P000514,r49,bus100,660,685,3,Bagbazar -> Shyambazar -> Beleghata -> Phoolbagan -> Salt Lake -> Sector V
P000529,r8,bus017,670,675,5,Salt Lake -> Ultadanga
P000528,r54,bus075,665,680,5,Moulali -> Park Circus -> Ballygunge -> Rashbehari
P000526,r44,bus071,665,670,2,New Town -> Eco Park
P000523,r30,bus027,665,685,2,Gariahat -> Ultadanga -> VIP Road -> Airport Gate No. 1 -> Barasat
P000527,r17,bus012,665,685,1,Karunamoyee -> Ultadanga -> Phoolbagan -> Sealdah -> Park Street
P000542,r23,bus038,665,675,6,Dumdum -> VIP Road -> Ultadanga
P000539,r38,bus073,675,680,2,Ultadanga -> Karunamoyee
P000540,r5,bus006,665,680,4,Behala -> Tollygunge -> Hazra -> Esplanade
P000536,r29,bus009,670,680,1,Ultadanga -> Salt Lake -> New Town
P000535,r30,bus027,670,685,4,Ultadanga -> VIP Road -> Airport Gate No. 1 -> Barasat
P000538,r5,bus006,665,680,2,Behala -> Tollygunge -> Hazra -> Esplanade
P000543,r5,bus006,665,680,2,Behala -> Tollygunge -> Hazra -> Esplanade
P000537,r11,bus015,660,680,3,Barasat -> Dumdum -> Shyambazar -> Esplanade -> Maidan
P000533,r17,bus012,670,685,3,Ultadanga -> Phoolbagan -> Sealdah -> Park Street
P000547,r5,bus006,665,680,6,Behala -> Tollygunge -> Hazra -> Esplanade
P000546,r18,bus146,665,680,6,Esplanade -> Minto Park -> Gariahat -> Ruby Hospital
P000544,r38,bus073,675,680,2,Ultadanga -> Karunamoyee
P000545,r18,bus146,660,680,4,Howrah Station -> Esplanade -> Minto Park -> Gariahat -> Ruby Hospital
P000549,r2,bus109,665,670,1,Sealdah -> Park Circus
P000550,r9,bus089,660,675,1,Jadavpur -> Dhakuria -> Gariahat -> Rashbehari
P000560,r36,bus056,680,685,4,Salt Lake -> Karunamoyee
P000554,r36,bus056,680,685,3,Salt Lake -> Karunamoyee
P000551,r5,bus006,670,680,5,Tollygunge -> Hazra -> Esplanade
P000553,r36,bus056,680,685,1,Salt Lake -> Karunamoyee
P000555,r2,bus109,665,675,5,Sealdah -> Park Circus -> Ruby
P000557,r5,bus006,680,685,5,Esplanade -> Howrah Station
P000562,r22,bus046,670,685,5,Ballygunge -> Sealdah -> MG Road -> Howrah Station
P000556,r50,bus021,670,680,4,Bangur -> Ultadanga -> Bidhannagar
P000552,r56,bus004,670,685,3,Sinthee -> Shyambazar -> MG Road -> Park Street
P000561,r19,bus028,665,680,2,Ultadanga -> Phoolbagan -> Park Circus -> Ruby
P000559,r2,bus109,670,680,1,Park Circus -> Ruby -> Garia
P000558,r8,bus017,670,685,1,Salt Lake -> Ultadanga -> Esplanade -> Howrah Station
P000567,r9,bus089,680,685,5,Kalighat -> Esplanade
P000564,r17,bus012,680,685,6,Sealdah -> Park Street
P000566,r5,bus006,675,685,6,Hazra -> Esplanade -> Howrah Station
P000568,r3,bus049,690,710,5,Tollygunge -> Hazra -> Kalighat -> Minto Park -> Esplanade
P000571,r21,bus018,680,690,4,Gariahat -> Hazra -> Kalighat
P000570,r3,bus049,690,715,2,Tollygunge -> Hazra -> Kalighat -> Minto Park -> Esplanade -> Ultadanga
P000574,r44,bus071,680,685,3,Unitech -> Salt Lake
P000577,r25,bus001,690,720,3,New Town -> ECO Park -> Salt Lake -> Karunamoyee -> Ultadanga -> Esplanade -> Howrah Station
P000578,r1,bus077,695,730,2,Shyambazar -> Sinthee More -> Baranagar -> Dunlop -> BT Road -> Tobin Road -> Khardah -> Titagarh
P000592,r22,bus046,680,685,4,MG Road -> Howrah Station
P000583,r28,bus008,685,695,1,Phoolbagan -> Sealdah -> Park Street
P000586,r33,bus045,690,695,1,Gariahat -> Kasba
P000603,r25,bus001,700,705,6,Salt Lake -> Karunamoyee
P000596,r34,bus054,705,715,3,Esplanade -> Salt Lake -> New Town
P000599,r6,bus118,695,715,1,Bosepukur -> Gariahat -> Golpark -> Hazra -> Kalighat
P000607,r6,bus118,695,715,1,Bosepukur -> Gariahat -> Golpark -> Hazra -> Kalighat
P000618,r3,bus049,700,710,6,Kalighat -> Minto Park -> Esplanade
P000614,r34,bus054,710,715,5,Salt Lake -> New Town
P000617,r9,bus089,710,725,5,Esplanade -> Kalighat -> Rashbehari -> Gariahat
P000619,r3,bus049,695,715,5,Hazra -> Kalighat -> Minto Park -> Esplanade -> Ultadanga
P000612,r6,bus118,700,715,3,Gariahat -> Golpark -> Hazra -> Kalighat
P000615,r12,bus025,710,720,3,Sealdah -> Phoolbagan -> Ultadanga
P000613,r34,bus054,705,715,1,Esplanade -> Salt Lake -> New Town
P000620,r25,bus001,715,720,3,Esplanade -> Howrah Station
P000622,r3,bus049,715,720,5,Ultadanga -> Salt Lake
P000624,r55,bus076,710,735,6,Ruby -> Gariahat -> Bosepukur -> Kasba -> Jadavpur -> Garia
P000623,r6,bus118,705,720,5,Golpark -> Hazra -> Kalighat -> Esplanade
P000621,r15,bus066,720,735,1,Bagbazar -> Shyambazar -> Esplanade -> Park Circus
P000629,r3,bus049,710,720,6,Esplanade -> Ultadanga -> Salt Lake
P000626,r6,bus118,715,720,6,Kalighat -> Esplanade
P000628,r15,bus066,720,735,6,Bagbazar -> Shyambazar -> Esplanade -> Park Circus
P000627,r3,bus049,715,720,3,Ultadanga -> Salt Lake
P000630,r0,bus002,720,745,6,College More -> New Town -> Unitech -> Eco Space -> Aliah University -> Daber More
P000625,r4,bus007,725,740,4,Jadavpur -> Kalighat -> Esplanade -> Howrah Station
P000632,r0,bus002,720,740,6,College More -> New Town -> Unitech -> Eco Space -> Aliah University
P000635,r3,bus049,715,720,3,Ultadanga -> Salt Lake
P000634,r21,bus018,725,740,3,Kalighat -> Hazra -> Gariahat -> Ultadanga
P000638,r8,bus017,720,725,4,Ultadanga -> Salt Lake
P000640,r30,bus027,730,735,6,Gariahat -> Ruby
P000642,r17,bus012,720,725,4,Phoolbagan -> Ultadanga
P000646,r4,bus007,735,740,5,Esplanade -> Howrah Station
P000648,r22,bus046,730,735,5,Jadavpur -> Garia
P000647,r26,bus003,720,735,2,Esplanade -> Ultadanga -> Salt Lake -> New Town
P000645,r29,bus009,725,735,2,Ultadanga -> Phoolbagan -> Sealdah
P000649,r29,bus009,725,735,2,Ultadanga -> Phoolbagan -> Sealdah
P000650,r12,bus025,720,730,2,Ultadanga -> VIP Road -> Airport Gate No. 1
P000637,r12,bus025,720,735,1,Ultadanga -> VIP Road -> Airport Gate No. 1 -> Barasat
P000663,r19,bus028,730,735,5,Ultadanga -> Salt Lake
P000664,r8,bus017,720,725,5,Ultadanga -> Salt Lake
P000660,r4,bus007,725,740,6,Jadavpur -> Kalighat -> Esplanade -> Howrah Station
P000653,r21,bus018,725,740,1,Kalighat -> Hazra -> Gariahat -> Ultadanga
P000651,r22,bus046,730,735,5,Jadavpur -> Garia
P000654,r0,bus002,725,735,4,New Town -> Unitech -> Eco Space
P000658,r4,bus007,730,735,4,Kalighat -> Esplanade
P000656,r21,bus018,725,740,1,Kalighat -> Hazra -> Gariahat -> Ultadanga
P000671,r24,bus037,735,740,6,Sealdah -> Park Circus
P000674,r32,bus005,730,740,6,Park Circus -> VIP Road -> Airport Gate No. 1
P000670,r26,bus003,730,735,4,Salt Lake -> New Town
P000665,r15,bus066,730,735,3,Esplanade -> Park Circus
P000672,r17,bus012,730,735,4,Karunamoyee -> Salt Lake Sector V
P000668,r16,bus101,730,740,2,Alipore -> Tollygunge -> Garia
P000679,r32,bus005,735,740,6,VIP Road -> Airport Gate No. 1
P000681,r25,bus001,750,760,1,Esplanade -> Ultadanga -> Karunamoyee
P000677,r6,bus118,745,765,2,Esplanade -> Kalighat -> Hazra -> Golpark -> Gariahat
P000706,r25,bus001,755,765,6,Ultadanga -> Karunamoyee -> Salt Lake
P000703,r54,bus075,760,785,4,Sealdah -> Moulali -> Park Circus -> Ballygunge -> Rashbehari -> Tollygunge
P000700,r39,bus010,760,785,1,Shyambazar -> MG Road -> SN Banerjee -> Esplanade -> Park Street -> Rabindra Sadan
P000709,r44,bus071,765,780,6,New Town -> Eco Park -> Eco Space -> Unitech
P000716,r9,bus089,760,785,6,Jadavpur -> Dhakuria -> Gariahat -> Rashbehari -> Kalighat -> Esplanade
P000711,r11,bus015,760,780,6,Barasat -> Dumdum -> Shyambazar -> Esplanade -> Maidan
P000710,r5,bus006,760,775,2,Thakurpukur -> Behala -> Tollygunge -> Hazra
P000714,r25,bus001,750,765,2,Esplanade -> Ultadanga -> Karunamoyee -> Salt Lake
P000712,r46,bus111,760,775,1,Garia -> Kamalgazi -> Narendrapur -> Sonarpur
P000713,r11,bus015,765,785,1,Dumdum -> Shyambazar -> Esplanade -> Maidan -> Rabindra Sadan
P000721,r29,bus009,770,785,6,Ultadanga -> Salt Lake -> New Town -> Eco Park
P000735,r44,bus071,765,780,6,New Town -> Eco Park -> Eco Space -> Unitech
P000731,r44,bus071,765,775,6,New Town -> Eco Park -> Eco Space
P000720,r49,bus100,770,785,6,Beleghata -> Phoolbagan -> Salt Lake -> Sector V
P000727,r9,bus089,760,770,3,Jadavpur -> Dhakuria -> Gariahat
P000724,r25,bus001,755,775,2,Ultadanga -> Karunamoyee -> Salt Lake -> ECO Park -> New Town
P000729,r6,bus118,765,770,4,Gariahat -> Bosepukur
P000730,r37,bus033,765,780,4,MG Road -> Shyambazar -> Baranagar -> Dunlop
P000728,r44,bus071,770,785,4,Eco Park -> Eco Space -> Unitech -> Salt Lake
P000732,r54,bus075,760,785,4,Sealdah -> Moulali -> Park Circus -> Ballygunge -> Rashbehari -> Tollygunge
P000733,r36,bus056,770,775,1,Kalighat -> Esplanade
P000718,r4,bus007,765,785,2,Howrah Station -> Esplanade -> Kalighat -> Jadavpur -> Garia
P000734,r9,bus089,765,780,2,Dhakuria -> Gariahat -> Rashbehari -> Kalighat
P000719,r18,bus146,765,785,2,Esplanade -> Minto Park -> Gariahat -> Ruby Hospital -> Patuli
P000722,r44,bus071,770,785,1,Eco Park -> Eco Space -> Unitech -> Salt Lake
P000740,r26,bus003,770,775,6,New Town -> Salt Lake
P000736,r20,bus019,775,780,6,VIP Road -> Airport Gate No. 1
P000737,r25,bus001,765,775,4,Salt Lake -> ECO Park -> New Town
P000738,r3,bus049,760,765,2,Minto Park -> Kalighat
P000745,r51,bus082,770,785,5,Esplanade -> Rashbehari -> Gariahat -> Ruby
P000744,r4,bus007,765,785,4,Howrah Station -> Esplanade -> Kalighat -> Jadavpur -> Garia
P000747,r44,bus071,765,770,1,New Town -> Eco Park
P000739,r57,bus047,760,785,4,Ultadanga -> Salt Lake -> New Town -> Eco Park -> Chinar Park -> Airport
P000741,r37,bus033,770,785,1,Shyambazar -> Baranagar -> Dunlop -> Titagarh
P000750,r4,bus007,765,780,6,Howrah Station -> Esplanade -> Kalighat -> Jadavpur
P000748,r14,bus074,765,780,3,Rashbehari -> Gariahat -> Ballygunge -> Park Circus
P000749,r11,bus015,775,785,4,Esplanade -> Maidan -> Rabindra Sadan
P000751,r52,bus026,765,780,3,Park Street -> Maidan -> Rabindra Sadan -> Bhowanipore
P000752,r12,bus025,770,785,2,VIP Road -> Ultadanga -> Phoolbagan -> Sealdah
P000753,r11,bus015,770,785,1,Shyambazar -> Esplanade -> Maidan -> Rabindra Sadan
P000758,r30,bus027,765,770,4,Gariahat -> Ultadanga
P000754,r44,bus071,770,780,3,Eco Park -> Eco Space -> Unitech
P000756,r29,bus009,770,775,1,Ultadanga -> Salt Lake
P000757,r30,bus027,765,780,3,Gariahat -> Ultadanga -> VIP Road -> Airport Gate No. 1
P000771,r29,bus009,780,785,6,New Town -> Eco Park
P000760,r36,bus056,775,785,2,Esplanade -> Salt Lake -> Karunamoyee
P000764,r5,bus006,770,785,5,Tollygunge -> Hazra -> Esplanade -> Howrah Station
P000765,r14,bus074,775,785,4,Ballygunge -> Park Circus -> Sealdah
P000759,r5,bus006,780,785,4,Esplanade -> Howrah Station
P000769,r12,bus025,775,785,4,Ultadanga -> Phoolbagan -> Sealdah
P000762,r46,bus111,770,785,3,Narendrapur -> Sonarpur -> Garia Station Road -> Ruby Hospital
P000763,r22,bus046,770,780,2,Ballygunge -> Sealdah -> MG Road
P000772,r43,bus014,775,785,5,Sealdah -> Park Circus -> Ruby
P000777,r12,bus025,780,785,4,Phoolbagan -> Sealdah
P000789,r3,bus049,800,810,5,Tollygunge -> Hazra -> Kalighat
P000788,r6,bus118,800,830,2,Kasba -> Bosepukur -> Gariahat -> Golpark -> Hazra -> Kalighat -> Esplanade
P000795,r3,bus049,800,820,6,Tollygunge -> Hazra -> Kalighat -> Minto Park -> Esplanade
P000798,r3,bus049,805,830,4,Hazra -> Kalighat -> Minto Park -> Esplanade -> Ultadanga -> Salt Lake
P000805,r26,bus003,810,825,5,Esplanade -> Ultadanga -> Salt Lake -> New Town
P000803,r25,bus001,800,815,2,New Town -> ECO Park -> Salt Lake -> Karunamoyee
P000804,r19,bus028,810,815,1,Garia -> Ruby
P000807,r14,bus074,810,815,4,Sealdah -> Park Circus
P000806,r44,bus071,810,830,1,Salt Lake -> Unitech -> Eco Space -> Eco Park -> New Town
P000808,r6,bus118,800,830,4,Kasba -> Bosepukur -> Gariahat -> Golpark -> Hazra -> Kalighat -> Esplanade
P000809,r25,bus001,810,825,3,Salt Lake -> Karunamoyee -> Ultadanga -> Esplanade
P000813,r44,bus071,810,835,1,Salt Lake -> Unitech -> Eco Space -> Eco Park -> New Town -> Rajarhat
P000815,r8,bus017,815,825,5,Esplanade -> Ultadanga -> Salt Lake
P000823,r6,bus118,800,810,5,Kasba -> Bosepukur -> Gariahat
P000817,r20,bus019,810,825,5,Dumdum -> Airport Gate No. 1 -> VIP Road -> New Town
P000818,r14,bus074,810,815,4,Sealdah -> Park Circus
P000816,r25,bus001,815,830,4,Karunamoyee -> Ultadanga -> Esplanade -> Howrah Station
P000820,r48,bus166,810,830,4,Park Circus -> Ripon Street -> SN Banerjee -> Lalbazar -> Howrah Station
P000825,r44,bus071,810,825,6,Salt Lake -> Unitech -> Eco Space -> Eco Park
P000827,r5,bus006,815,825,5,Esplanade -> Hazra -> Tollygunge
P000831,r7,bus248,810,825,1,Bagbazar -> Shyambazar -> Beleghata -> Salt Lake
P000826,r25,bus001,810,830,3,Salt Lake -> Karunamoyee -> Ultadanga -> Esplanade -> Howrah Station
P000835,r26,bus003,810,825,6,Esplanade -> Ultadanga -> Salt Lake -> New Town
P000837,r43,bus014,815,835,6,Park Circus -> Sealdah -> MG Road -> Shyambazar -> Baranagar
P000832,r26,bus003,810,825,2,Esplanade -> Ultadanga -> Salt Lake -> New Town
P000833,r12,bus025,820,835,4,Ultadanga -> VIP Road -> Airport Gate No. 1 -> Barasat
P000847,r17,bus012,825,830,5,Ultadanga -> Karunamoyee
P000840,r35,bus034,825,830,3,New Town -> Eco Space
P000842,r7,bus248,815,830,4,Shyambazar -> Beleghata -> Salt Lake -> Karunamoyee
P000844,r6,bus118,815,830,3,Golpark -> Hazra -> Kalighat -> Esplanade
P000848,r30,bus027,825,835,3,Ultadanga -> Gariahat -> Ruby
P000845,r14,bus074,815,835,4,Park Circus -> Ballygunge -> Gariahat -> Rashbehari -> Tollygunge
P000839,r23,bus038,820,830,2,Ultadanga -> VIP Road -> Dumdum
P000843,r15,bus066,820,830,1,Esplanade -> Park Circus -> Ruby Hospital
P000849,r3,bus049,825,830,3,Ultadanga -> Salt Lake
P000858,r17,bus012,825,835,6,Ultadanga -> Karunamoyee -> Salt Lake Sector V
P000851,r26,bus003,815,825,3,Ultadanga -> Salt Lake -> New Town
P000850,r4,bus007,820,825,1,Kalighat -> Esplanade
P000856,r35,bus034,815,830,1,Ultadanga -> Karunamoyee -> New Town -> Eco Space
P000853,r4,bus007,825,830,2,Esplanade -> Howrah Station
P000854,r14,bus074,820,835,2,Ballygunge -> Gariahat -> Rashbehari -> Tollygunge
P000862,r6,bus118,825,830,4,Kalighat -> Esplanade
P000864,r6,bus118,825,830,3,Kalighat -> Esplanade
P000860,r35,bus034,825,830,2,New Town -> Eco Space
P000861,r6,bus118,825,830,1,Kalighat -> Esplanade
P000868,r35,bus034,825,830,1,New Town -> Eco Space
P000874,r31,bus124,825,830,3,Salt Lake -> New Town
P000900,r3,bus049,855,860,3,Salt Lake -> Ultadanga
P000904,r3,bus049,855,865,3,Salt Lake -> Ultadanga -> Esplanade
P000910,r45,bus067,860,880,6,Thakurpukur -> Behala -> Sakherbazar -> New Alipore -> Alipore
P000907,r36,bus056,860,875,5,Behala -> Tollygunge -> Kalighat -> Esplanade
P000911,r0,bus002,845,855,4,New Town -> Unitech -> Eco Space
P000906,r23,bus038,860,880,3,Barasat -> Dumdum -> VIP Road -> Ultadanga -> Ruby
P000916,r55,bus076,860,885,3,Garia -> Jadavpur -> Kasba -> Bosepukur -> Gariahat -> Ruby
P000922,r39,bus010,865,885,4,MG Road -> SN Banerjee -> Esplanade -> Park Street -> Rabindra Sadan
P000925,r39,bus010,860,880,4,Shyambazar -> MG Road -> SN Banerjee -> Esplanade -> Park Street
P000927,r18,bus146,865,880,4,Esplanade -> Minto Park -> Gariahat -> Ruby Hospital
P000919,r43,bus014,865,880,3,Shyambazar -> MG Road -> Sealdah -> Park Circus
P000921,r52,bus026,865,880,2,Park Street -> Maidan -> Rabindra Sadan -> Bhowanipore
P000917,r46,bus111,860,880,1,Garia -> Kamalgazi -> Narendrapur -> Sonarpur -> Garia Station Road
P000926,r2,bus109,860,885,2,Howrah -> Sealdah -> Park Circus -> Ruby -> Garia -> Sonarpur
P000932,r52,bus026,865,880,6,Park Street -> Maidan -> Rabindra Sadan -> Bhowanipore
P000933,r12,bus025,870,885,5,VIP Road -> Ultadanga -> Phoolbagan -> Sealdah
P000928,r39,bus010,870,885,4,SN Banerjee -> Esplanade -> Park Street -> Rabindra Sadan
P000929,r6,bus118,855,875,1,Esplanade -> Kalighat -> Hazra -> Golpark -> Gariahat
P000935,r2,bus109,870,875,3,Park Circus -> Ruby
P000930,r10,bus053,860,885,4,Dumdum -> Belgachia -> Shyambazar -> Esplanade -> Tollygunge -> Joka
P000931,r1,bus077,850,870,3,MG Road -> Shyambazar -> Sinthee More -> Baranagar -> Dunlop
P000934,r4,bus007,860,875,2,Esplanade -> Kalighat -> Jadavpur -> Garia
P000939,r9,bus089,860,885,6,Jadavpur -> Dhakuria -> Gariahat -> Rashbehari -> Kalighat -> Esplanade
P000940,r44,bus071,865,870,3,New Town -> Eco Park
P000937,r41,bus092,860,880,4,Airport Gate No. 1 -> VIP Road -> Ultadanga -> Salt Lake -> Sector V
P000938,r20,bus019,865,870,3,VIP Road -> Airport Gate No. 1
P000936,r2,bus109,870,880,1,Park Circus -> Ruby -> Garia
P000946,r25,bus001,865,875,4,Ultadanga -> Karunamoyee -> Salt Lake
P000942,r45,bus067,870,885,3,Sakherbazar -> New Alipore -> Alipore -> Minto Park
P000945,r30,bus027,865,885,6,Gariahat -> Ultadanga -> VIP Road -> Airport Gate No. 1 -> Barasat
P000944,r56,bus004,865,880,4,Baranagar -> Sinthee -> Shyambazar -> MG Road
P000941,r46,bus111,870,885,5,Narendrapur -> Sonarpur -> Garia Station Road -> Ruby Hospital
P000943,r17,bus012,870,885,5,Ultadanga -> Phoolbagan -> Sealdah -> Park Street
P000950,r8,bus017,865,885,5,Newtown -> Salt Lake -> Ultadanga -> Esplanade -> Howrah Station
P000956,r19,bus028,870,875,6,Phoolbagan -> Park Circus
P000953,r5,bus006,880,885,6,Esplanade -> Howrah Station
P000954,r44,bus071,870,880,5,Eco Park -> Eco Space -> Unitech
P000957,r29,bus009,870,880,3,Ultadanga -> Salt Lake -> New Town
P000951,r30,bus027,870,885,3,Ultadanga -> VIP Road -> Airport Gate No. 1 -> Barasat
P000952,r39,bus010,865,880,2,MG Road -> SN Banerjee -> Esplanade -> Park Street
P000955,r17,bus012,870,885,3,Ultadanga -> Phoolbagan -> Sealdah -> Park Street
P000958,r9,bus089,870,885,2,Gariahat -> Rashbehari -> Kalighat -> Esplanade
P000966,r36,bus056,875,880,6,Esplanade -> Salt Lake
P000962,r52,bus026,875,880,6,Rabindra Sadan -> Bhowanipore
P000961,r29,bus009,880,885,3,New Town -> Eco Park
P000967,r40,bus035,875,885,1,Jadavpur -> Garia -> Narendrapur
P000968,r51,bus082,880,885,4,Gariahat -> Ruby
P000969,r29,bus009,875,885,2,Salt Lake -> New Town -> Eco Park
P000963,r19,bus028,875,885,1,Park Circus -> Ruby -> Garia
P000974,r9,bus089,880,885,1,Kalighat -> Esplanade
P000978,r18,bus146,875,885,4,Gariahat -> Ruby Hospital -> Patuli
P000986,r21,bus018,905,920,6,Kalighat -> Hazra -> Gariahat -> Ultadanga
P000989,r26,bus003,900,915,5,Esplanade -> Ultadanga -> Salt Lake -> New Town
P000992,r21,bus018,900,905,3,Tollygunge -> Kalighat
P000997,r4,bus007,905,920,5,Jadavpur -> Kalighat -> Esplanade -> Howrah Station
P000991,r26,bus003,905,915,1,Ultadanga -> Salt Lake -> New Town
P000993,r7,bus248,900,915,2,Bagbazar -> Shyambazar -> Beleghata -> Salt Lake
P000995,r26,bus003,900,920,2,Esplanade -> Ultadanga -> Salt Lake -> New Town -> Rajarhat
P000985,r20,bus019,900,920,1,Dumdum -> Airport Gate No. 1 -> VIP Road -> New Town -> Eco Park
P001001,r25,bus001,910,915,6,New Town -> ECO Park
P000999,r26,bus003,900,910,1,Esplanade -> Ultadanga -> Salt Lake
P001002,r4,bus007,905,920,1,Jadavpur -> Kalighat -> Esplanade -> Howrah Station
P001008,r6,bus118,910,920,4,Kasba -> Bosepukur -> Gariahat
P001006,r26,bus003,900,915,4,Esplanade -> Ultadanga -> Salt Lake -> New Town
P001010,r8,bus017,915,935,3,Esplanade -> Ultadanga -> Salt Lake -> Newtown -> Rajarhat
P001007,r3,bus049,910,930,1,Tollygunge -> Hazra -> Kalighat -> Minto Park -> Esplanade
P001009,r55,bus076,910,935,2,Ruby -> Gariahat -> Bosepukur -> Kasba -> Jadavpur -> Garia
P001013,r7,bus248,905,920,5,Shyambazar -> Beleghata -> Salt Lake -> Karunamoyee
P001020,r15,bus066,905,910,6,Shyambazar -> Esplanade
P001018,r42,bus093,915,935,4,Sakherbazar -> Tollygunge -> Kalighat -> Hazra -> Minto Park
P001024,r24,bus037,905,915,5,Shyambazar -> Esplanade -> Sealdah
P001021,r8,bus017,920,935,5,Ultadanga -> Salt Lake -> Newtown -> Rajarhat
P001014,r29,bus009,910,920,5,Eco Park -> New Town -> Salt Lake
P001022,r15,bus066,905,920,1,Shyambazar -> Esplanade -> Park Circus -> Ruby Hospital
P001017,r42,bus093,910,935,1,Behala -> Sakherbazar -> Tollygunge -> Kalighat -> Hazra -> Minto Park
P001030,r7,bus248,910,915,6,Beleghata -> Salt Lake
P001026,r6,bus118,910,920,2,Kasba -> Bosepukur -> Gariahat
P001028,r7,bus248,910,920,2,Beleghata -> Salt Lake -> Karunamoyee
P001025,r55,bus076,915,920,4,Gariahat -> Bosepukur
P001029,r7,bus248,910,920,4,Beleghata -> Salt Lake -> Karunamoyee
P001031,r24,bus037,910,915,2,Esplanade -> Sealdah
P001027,r55,bus076,915,925,3,Gariahat -> Bosepukur -> Kasba
P001039,r7,bus248,915,920,6,Salt Lake -> Karunamoyee
P001042,r42,bus093,915,930,3,Sakherbazar -> Tollygunge -> Kalighat -> Hazra
P001035,r7,bus248,915,920,2,Salt Lake -> Karunamoyee
P001036,r30,bus027,930,935,5,Gariahat -> Ruby
P001038,r24,bus037,915,920,2,Sealdah -> Park Circus
P001041,r55,bus076,915,925,5,Gariahat -> Bosepukur -> Kasba
P001037,r30,bus027,930,935,4,Gariahat -> Ruby
P001034,r6,bus118,915,930,3,Bosepukur -> Gariahat -> Golpark -> Hazra
P001047,r37,bus033,920,935,6,Baranagar -> Shyambazar -> MG Road -> Park Circus
P001050,r34,bus054,925,935,2,Esplanade -> Salt Lake -> New Town
P001049,r22,bus046,930,935,4,Jadavpur -> Garia
P001045,r12,bus025,925,930,2,VIP Road -> Airport Gate No. 1
P001051,r25,bus001,920,940,1,Salt Lake -> Karunamoyee -> Ultadanga -> Esplanade -> Howrah Station
P001061,r19,bus028,925,930,6,Phoolbagan -> Ultadanga
P001063,r18,bus146,930,935,6,Esplanade -> Howrah Station
P001062,r6,bus118,920,940,5,Gariahat -> Golpark -> Hazra -> Kalighat -> Esplanade
P001054,r18,bus146,930,935,1,Esplanade -> Howrah Station
P001070,r18,bus146,930,935,3,Esplanade -> Howrah Station
P001078,r4,bus007,945,960,5,Howrah Station -> Esplanade -> Kalighat -> Jadavpur
P001077,r34,bus054,935,940,5,New Town -> Rajarhat
P001089,r57,bus047,960,970,5,Ultadanga -> Salt Lake -> New Town
P001091,r57,bus047,960,965,1,Ultadanga -> Salt Lake
P001090,r2,bus109,960,975,2,Howrah -> Sealdah -> Park Circus -> Ruby
P001092,r28,bus008,945,950,2,Dumdum -> Ultadanga
P001098,r2,bus109,965,980,6,Sealdah -> Park Circus -> Ruby -> Garia
P001097,r26,bus003,950,955,4,New Town -> Salt Lake
P001096,r33,bus045,960,965,5,Gariahat -> Kasba
P001093,r11,bus015,965,985,3,Dumdum -> Shyambazar -> Esplanade -> Maidan -> Rabindra Sadan
P001100,r39,bus010,960,985,3,Shyambazar -> MG Road -> SN Banerjee -> Esplanade -> Park Street -> Rabindra Sadan
P001094,r46,bus111,960,975,1,Garia -> Kamalgazi -> Narendrapur -> Sonarpur
P001104,r40,bus035,960,985,5,Howrah Station -> Esplanade -> Kalighat -> Jadavpur -> Garia -> Narendrapur
P001108,r17,bus012,970,985,5,Ultadanga -> Phoolbagan -> Sealdah -> Park Street
P001109,r38,bus073,960,965,1,Alipore -> Minto Park
P001102,r44,bus071,965,970,1,New Town -> Eco Park
P001110,r8,bus017,970,985,4,Salt Lake -> Ultadanga -> Esplanade -> Howrah Station
P001105,r20,bus019,955,960,3,VIP Road -> Airport Gate No. 1
P001106,r19,bus028,965,985,3,Ultadanga -> Phoolbagan -> Park Circus -> Ruby -> Garia
P001103,r36,bus056,970,975,1,Kalighat -> Esplanade
P001107,r39,bus010,960,980,1,Shyambazar -> MG Road -> SN Banerjee -> Esplanade -> Park Street
P001113,r25,bus001,970,985,5,Esplanade -> Ultadanga -> Karunamoyee -> Salt Lake
P001121,r25,bus001,970,985,5,Esplanade -> Ultadanga -> Karunamoyee -> Salt Lake
P001118,r5,bus006,970,975,4,Tollygunge -> Hazra
P001122,r9,bus089,960,970,2,Jadavpur -> Dhakuria -> Gariahat
P001119,r40,bus035,970,985,4,Kalighat -> Jadavpur -> Garia -> Narendrapur
P001117,r29,bus009,970,985,1,Ultadanga -> Salt Lake -> New Town -> Eco Park
P001120,r14,bus074,970,985,2,Gariahat -> Ballygunge -> Park Circus -> Sealdah
P001115,r14,bus074,970,985,1,Gariahat -> Ballygunge -> Park Circus -> Sealdah
P001112,r40,bus035,960,985,3,Howrah Station -> Esplanade -> Kalighat -> Jadavpur -> Garia -> Narendrapur
P001123,r40,bus035,960,980,2,Howrah Station -> Esplanade -> Kalighat -> Jadavpur -> Garia
P001131,r12,bus025,975,985,6,Ultadanga -> Phoolbagan -> Sealdah
P001125,r25,bus001,970,985,2,Esplanade -> Ultadanga -> Karunamoyee -> Salt Lake
P001128,r30,bus027,965,970,4,Gariahat -> Ultadanga
P001124,r0,bus002,965,970,3,New Town -> Unitech
P001133,r43,bus014,965,980,2,Shyambazar -> MG Road -> Sealdah -> Park Circus
P001126,r5,bus006,980,985,1,Esplanade -> Howrah Station
P001127,r49,bus100,965,985,2,Shyambazar -> Beleghata -> Phoolbagan -> Salt Lake -> Sector V
P001130,r19,bus028,965,985,2,Ultadanga -> Phoolbagan -> Park Circus -> Ruby -> Garia
P001132,r0,bus002,965,995,3,New Town -> Unitech -> Eco Space -> Aliah University -> Daber More -> ECO Park -> City
P001145,r45,bus067,970,985,6,Sakherbazar -> New Alipore -> Alipore -> Minto Park
P001136,r56,bus004,970,975,3,Sinthee -> Shyambazar
P001138,r2,bus109,970,980,6,Park Circus -> Ruby -> Garia
P001144,r10,bus053,970,985,6,Shyambazar -> Esplanade -> Tollygunge -> Joka
P001148,r12,bus025,970,975,3,VIP Road -> Ultadanga
P001143,r9,bus089,970,980,2,Gariahat -> Rashbehari -> Kalighat
P001142,r14,bus074,970,985,3,Gariahat -> Ballygunge -> Park Circus -> Sealdah
P001147,r0,bus002,965,970,1,New Town -> Unitech
P001139,r45,bus067,965,980,2,Behala -> Sakherbazar -> New Alipore -> Alipore
P001156,r25,bus001,975,995,6,Ultadanga -> Karunamoyee -> Salt Lake -> ECO Park -> New Town
P001157,r43,bus014,975,980,5,Sealdah -> Park Circus
P001150,r46,bus111,975,985,6,Sonarpur -> Garia Station Road -> Ruby Hospital
P001155,r35,bus034,990,1000,2,Esplanade -> Ultadanga -> Karunamoyee
P001158,r25,bus001,970,985,2,Esplanade -> Ultadanga -> Karunamoyee -> Salt Lake
P001152,r25,bus001,970,980,2,Esplanade -> Ultadanga -> Karunamoyee
P001151,r12,bus025,975,985,3,Ultadanga -> Phoolbagan -> Sealdah
P001162,r7,bus248,995,1010,6,Shyambazar -> Beleghata -> Salt Lake -> Karunamoyee
P001166,r15,bus066,995,1010,6,Shyambazar -> Esplanade -> Park Circus -> Ruby Hospital
P001169,r49,bus100,980,985,6,Salt Lake -> Sector V
P001161,r7,bus248,990,1005,5,Bagbazar -> Shyambazar -> Beleghata -> Salt Lake
P001165,r32,bus005,990,1005,4,Gariahat -> Ballygunge -> Park Circus -> VIP Road
P001167,r10,bus053,980,985,4,Tollygunge -> Joka
P001160,r16,bus101,995,1010,3,Shibpur -> Alipore -> Tollygunge -> Garia
P001168,r18,bus146,975,985,1,Gariahat -> Ruby Hospital -> Patuli
P001180,r7,bus248,995,1010,6,Shyambazar -> Beleghata -> Salt Lake -> Karunamoyee
P001181,r20,bus019,995,1010,6,Airport Gate No. 1 -> VIP Road -> New Town -> Eco Park
P001177,r26,bus003,995,1000,4,Ultadanga -> Salt Lake
P001182,r2,bus109,980,985,6,Garia -> Sonarpur
P001176,r15,bus066,995,1010,6,Shyambazar -> Esplanade -> Park Circus -> Ruby Hospital
P001183,r48,bus166,995,1010,6,Ripon Street -> SN Banerjee -> Lalbazar -> Howrah Station
P001175,r26,bus003,995,1010,4,Ultadanga -> Salt Lake -> New Town -> Rajarhat
P001179,r24,bus037,990,1005,1,Bagbazar -> Shyambazar -> Esplanade -> Sealdah
P001188,r7,bus248,1005,1010,5,Salt Lake -> Karunamoyee
P001191,r15,bus066,990,1010,4,Bagbazar -> Shyambazar -> Esplanade -> Park Circus -> Ruby Hospital
P001184,r48,bus166,995,1010,3,Ripon Street -> SN Banerjee -> Lalbazar -> Howrah Station
P001187,r16,bus101,990,1010,1,Howrah Station -> Shibpur -> Alipore -> Tollygunge -> Garia
P001192,r6,bus118,985,995,2,Gariahat -> Bosepukur -> Kasba
P001194,r20,bus019,1000,1005,6,VIP Road -> New Town
P001198,r26,bus003,990,1005,1,Esplanade -> Ultadanga -> Salt Lake -> New Town
P001197,r35,bus034,995,1010,2,Ultadanga -> Karunamoyee -> New Town -> Eco Space
P001196,r28,bus008,1000,1010,3,Phoolbagan -> Ultadanga -> Dumdum
P001199,r26,bus003,995,1010,2,Ultadanga -> Salt Lake -> New Town -> Rajarhat
P001208,r20,bus019,1005,1010,4,New Town -> Eco Park
P001211,r1,bus077,1015,1050,5,Shyambazar -> Sinthee More -> Baranagar -> Dunlop -> BT Road -> Tobin Road -> Khardah -> Titagarh
P001212,r20,bus019,1000,1010,2,VIP Road -> New Town -> Eco Park
P001203,r32,bus005,1000,1010,1,Park Circus -> VIP Road -> Airport Gate No. 1
P001205,r4,bus007,1000,1010,1,Kalighat -> Esplanade -> Howrah Station
P001226,r7,bus248,1005,1010,6,Salt Lake -> Karunamoyee
P001223,r7,bus248,1005,1010,4,Salt Lake -> Karunamoyee
P001220,r55,bus076,1010,1035,6,Ruby -> Gariahat -> Bosepukur -> Kasba -> Jadavpur -> Garia
P001218,r8,bus017,1015,1025,4,Esplanade -> Ultadanga -> Salt Lake
P001213,r9,bus089,1010,1025,1,Esplanade -> Kalighat -> Rashbehari -> Gariahat
P001217,r16,bus101,1005,1010,3,Tollygunge -> Garia
P001224,r1,bus077,1010,1040,2,MG Road -> Shyambazar -> Sinthee More -> Baranagar -> Dunlop -> BT Road -> Tobin Road
P001236,r14,bus074,1025,1030,6,Gariahat -> Rashbehari
P001234,r37,bus033,1020,1030,3,Baranagar -> Shyambazar -> MG Road
P001230,r55,bus076,1015,1025,1,Gariahat -> Bosepukur -> Kasba
P001235,r55,bus076,1015,1025,1,Gariahat -> Bosepukur -> Kasba
P001238,r3,bus049,1030,1040,6,Kalighat -> Minto Park -> Esplanade
P001246,r9,bus089,1015,1035,5,Kalighat -> Rashbehari -> Gariahat -> Dhakuria -> Jadavpur
P001239,r9,bus089,1020,1025,2,Rashbehari -> Gariahat
P001244,r29,bus009,1025,1030,2,Ultadanga -> Phoolbagan
P001241,r18,bus146,1030,1035,4,Esplanade -> Howrah Station
P001242,r2,bus109,1025,1030,1,Park Circus -> Sealdah
P001243,r25,bus001,1030,1050,2,Salt Lake -> Karunamoyee -> Ultadanga -> Esplanade -> Howrah Station
P001248,r37,bus033,1025,1035,6,Shyambazar -> MG Road -> Park Circus
P001250,r23,bus038,1020,1030,6,Ultadanga -> VIP Road -> Dumdum
P001253,r17,bus012,1020,1025,3,Phoolbagan -> Ultadanga
P001247,r36,bus056,1020,1030,4,Esplanade -> Kalighat -> Tollygunge
P001254,r3,bus049,1030,1045,1,Kalighat -> Minto Park -> Esplanade -> Ultadanga
P001251,r8,bus017,1025,1035,3,Salt Lake -> Newtown -> Rajarhat
P001252,r1,bus077,1025,1030,3,Baranagar -> Dunlop
P001255,r12,bus025,1020,1035,1,Ultadanga -> VIP Road -> Airport Gate No. 1 -> Barasat
P001257,r17,bus012,1025,1035,1,Ultadanga -> Karunamoyee -> Salt Lake Sector V
P001264,r17,bus012,1025,1030,6,Ultadanga -> Karunamoyee
P001261,r25,bus001,1030,1035,1,Salt Lake -> Karunamoyee
P001266,r8,bus017,1020,1025,1,Ultadanga -> Salt Lake
P001267,r37,bus033,1025,1035,4,Shyambazar -> MG Road -> Park Circus
P001263,r30,bus027,1030,1035,2,Gariahat -> Ruby
P001269,r25,bus001,1030,1050,2,Salt Lake -> Karunamoyee -> Ultadanga -> Esplanade -> Howrah Station
P001270,r18,bus146,1030,1035,4,Esplanade -> Howrah Station
P001276,r3,bus049,1035,1045,4,Minto Park -> Esplanade -> Ultadanga
P001287,r26,bus003,1045,1050,3,Salt Lake -> Ultadanga
P001291,r25,bus001,1045,1050,5,Esplanade -> Howrah Station
P001292,r6,bus118,1040,1050,3,Hazra -> Kalighat -> Esplanade
P001298,r57,bus047,1060,1070,6,Ultadanga -> Salt Lake -> New Town
P001297,r19,bus028,1060,1065,4,Salt Lake -> Ultadanga
P001294,r12,bus025,1060,1075,4,Barasat -> Airport Gate No. 1 -> VIP Road -> Ultadanga
P001300,r8,bus017,1060,1070,3,Rajarhat -> Newtown -> Salt Lake
P001295,r25,bus001,1045,1050,1,Esplanade -> Howrah Station
P001308,r50,bus021,1065,1080,4,Lake Town -> Bangur -> Ultadanga -> Bidhannagar
P001307,r43,bus014,1060,1085,3,Baranagar -> Shyambazar -> MG Road -> Sealdah -> Park Circus -> Ruby
P001302,r5,bus006,1065,1085,2,Behala -> Tollygunge -> Hazra -> Esplanade -> Howrah Station
P001306,r25,bus001,1045,1050,1,Esplanade -> Howrah Station
P001310,r2,bus109,1065,1070,5,Sealdah -> Park Circus
P001311,r14,bus074,1060,1070,5,Tollygunge -> Rashbehari -> Gariahat
P001315,r12,bus025,1060,1075,5,Barasat -> Airport Gate No. 1 -> VIP Road -> Ultadanga
P001316,r54,bus075,1060,1085,6,Sealdah -> Moulali -> Park Circus -> Ballygunge -> Rashbehari -> Tollygunge
P001317,r5,bus006,1060,1080,5,Thakurpukur -> Behala -> Tollygunge -> Hazra -> Esplanade
P001312,r29,bus009,1070,1080,3,Ultadanga -> Salt Lake -> New Town
P001313,r18,bus146,1065,1080,5,Esplanade -> Minto Park -> Gariahat -> Ruby Hospital
P001322,r29,bus009,1060,1070,6,Sealdah -> Phoolbagan -> Ultadanga
P001326,r29,bus009,1070,1075,4,Ultadanga -> Salt Lake
P001329,r29,bus009,1070,1075,4,Ultadanga -> Salt Lake
P001328,r11,bus015,1070,1085,4,Shyambazar -> Esplanade -> Maidan -> Rabindra Sadan
P001318,r44,bus071,1070,1085,5,Eco Park -> Eco Space -> Unitech -> Salt Lake
P001324,r36,bus056,1075,1085,2,Esplanade -> Salt Lake -> Karunamoyee
P001319,r10,bus053,1070,1085,3,Shyambazar -> Esplanade -> Tollygunge -> Joka
P001325,r10,bus053,1070,1085,3,Shyambazar -> Esplanade -> Tollygunge -> Joka
P001321,r23,bus038,1060,1085,2,Barasat -> Dumdum -> VIP Road -> Ultadanga -> Ruby -> Garia
P001339,r11,bus015,1075,1085,6,Esplanade -> Maidan -> Rabindra Sadan
P001334,r3,bus049,1075,1085,6,Salt Lake -> Ultadanga -> Esplanade
P001332,r29,bus009,1080,1085,4,New Town -> Eco Park
P001336,r41,bus092,1075,1080,4,Salt Lake -> Sector V
P001337,r24,bus037,1080,1095,3,Bagbazar -> Shyambazar -> Esplanade -> Sealdah
P001331,r40,bus035,1060,1075,2,Howrah Station -> Esplanade -> Kalighat -> Jadavpur
P001333,r22,bus046,1065,1080,3,Jadavpur -> Ballygunge -> Sealdah -> MG Road
P001330,r44,bus071,1065,1075,1,New Town -> Eco Park -> Eco Space
P001335,r40,bus035,1070,1075,1,Kalighat -> Jadavpur
P001338,r15,bus066,1080,1095,1,Bagbazar -> Shyambazar -> Esplanade -> Park Circus
P001340,r29,bus009,1070,1085,6,Ultadanga -> Salt Lake -> New Town -> Eco Park
P001349,r25,bus001,1080,1090,5,Esplanade -> Ultadanga -> Karunamoyee
P001347,r6,bus118,1075,1095,6,Esplanade -> Kalighat -> Hazra -> Golpark -> Gariahat
P001341,r23,bus038,1070,1080,6,VIP Road -> Ultadanga -> Ruby
P001342,r58,bus016,1070,1080,5,Minto Park -> Kalighat -> Jadavpur
P001344,r37,bus033,1070,1080,5,Shyambazar -> Baranagar -> Dunlop
P001345,r21,bus018,1085,1100,2,Kalighat -> Hazra -> Gariahat -> Ultadanga
P001346,r28,bus008,1080,1095,2,Park Street -> Sealdah -> Phoolbagan -> Ultadanga
P001343,r0,bus002,1085,1095,3,New Town -> Unitech -> Eco Space
P001348,r51,bus082,1070,1075,2,Esplanade -> Rashbehari
P001356,r25,bus001,1080,1105,6,Esplanade -> Ultadanga -> Karunamoyee -> Salt Lake -> ECO Park -> New Town
P001355,r50,bus021,1075,1080,6,Ultadanga -> Bidhannagar
P001352,r6,bus118,1090,1105,6,Golpark -> Gariahat -> Bosepukur -> Kasba
P001351,r4,bus007,1085,1100,5,Jadavpur -> Kalighat -> Esplanade -> Howrah Station
P001350,r57,bus047,1075,1085,5,Eco Park -> Chinar Park -> Airport
P001357,r4,bus007,1090,1095,1,Kalighat -> Esplanade
P001354,r2,bus109,1075,1080,2,Ruby -> Garia
P001362,r28,bus008,1080,1095,5,Park Street -> Sealdah -> Phoolbagan -> Ultadanga
P001359,r57,bus047,1080,1085,5,Chinar Park -> Airport
P001360,r49,bus100,1080,1085,4,Salt Lake -> Sector V
P001363,r16,bus101,1080,1095,1,Howrah Station -> Shibpur -> Alipore -> Tollygunge
P001381,r32,bus005,1085,1090,6,Ballygunge -> Park Circus
P001365,r31,bus124,1085,1095,3,Esplanade -> Ultadanga -> Salt Lake
P001373,r4,bus007,1095,1100,5,Esplanade -> Howrah Station
P001382,r48,bus166,1085,1095,4,Ripon Street -> SN Banerjee -> Lalbazar
P001377,r20,bus019,1085,1100,2,Airport Gate No. 1 -> VIP Road -> New Town -> Eco Park
P001378,r46,bus111,1080,1085,5,Garia Station Road -> Ruby Hospital
P001374,r4,bus007,1085,1095,1,Jadavpur -> Kalighat -> Esplanade
P001379,r4,bus007,1095,1100,2,Esplanade -> Howrah Station
P001387,r7,bus248,1095,1100,4,Salt Lake -> Karunamoyee
P001388,r25,bus001,1085,1090,3,Ultadanga -> Karunamoyee
P001394,r1,bus077,1100,1125,5,BT Road -> Dunlop -> Baranagar -> Sinthee More -> Shyambazar -> MG Road
P001398,r52,bus026,1110,1135,4,Kalighat -> Bhowanipore -> Rabindra Sadan -> Maidan -> Park Street -> Esplanade
P001397,r54,bus075,1110,1125,1,Tollygunge -> Rashbehari -> Ballygunge -> Park Circus
P001392,r0,bus002,1095,1110,1,Eco Space -> Aliah University -> Daber More -> ECO Park
P001400,r54,bus075,1110,1125,6,Tollygunge -> Rashbehari -> Ballygunge -> Park Circus
P001403,r12,bus025,1120,1135,5,Ultadanga -> VIP Road -> Airport Gate No. 1 -> Barasat
P001410,r36,bus056,1115,1120,2,Salt Lake -> Esplanade
P001408,r23,bus038,1120,1130,1,Ultadanga -> VIP Road -> Dumdum
P001413,r8,bus017,1115,1120,1,Esplanade -> Ultadanga
P001415,r44,bus071,1110,1130,2,Salt Lake -> Unitech -> Eco Space -> Eco Park -> New Town
P001414,r8,bus017,1115,1135,1,Esplanade -> Ultadanga -> Salt Lake -> Newtown -> Rajarhat
P001419,r14,bus074,1115,1135,1,Park Circus -> Ballygunge -> Gariahat -> Rashbehari -> Tollygunge
P001421,r8,bus017,1120,1125,6,Ultadanga -> Salt Lake
P001423,r23,bus038,1120,1130,6,Ultadanga -> VIP Road -> Dumdum
P001422,r30,bus027,1130,1135,6,Gariahat -> Ruby
P001427,r37,bus033,1125,1135,3,Shyambazar -> MG Road -> Park Circus
P001426,r3,bus049,1130,1150,4,Tollygunge -> Hazra -> Kalighat -> Minto Park -> Esplanade
P001437,r27,bus052,1130,1145,5,Salt Lake -> Ultadanga -> Ruby -> Garia
P001432,r43,bus014,1120,1125,4,Sealdah -> MG Road
P001436,r6,bus118,1135,1150,4,Bosepukur -> Gariahat -> Golpark -> Hazra
P001430,r28,bus008,1130,1145,4,Ultadanga -> Phoolbagan -> Sealdah -> Park Street
P001435,r2,bus109,1125,1130,2,Park Circus -> Sealdah
P001446,r27,bus052,1140,1145,5,Ruby -> Garia
P001438,r19,bus028,1125,1135,4,Phoolbagan -> Ultadanga -> Salt Lake
P001449,r37,bus033,1125,1135,4,Shyambazar -> MG Road -> Park Circus
P001445,r16,bus101,1130,1145,5,Tollygunge -> Alipore -> Shibpur -> Howrah Station
P001450,r27,bus052,1135,1145,4,Ultadanga -> Ruby -> Garia
P001441,r4,bus007,1135,1145,2,Kalighat -> Jadavpur -> Garia
P001451,r27,bus052,1135,1145,1,Ultadanga -> Ruby -> Garia
P001452,r3,bus049,1130,1160,6,Tollygunge -> Hazra -> Kalighat -> Minto Park -> Esplanade -> Ultadanga -> Salt Lake
P001456,r3,bus049,1130,1150,6,Tollygunge -> Hazra -> Kalighat -> Minto Park -> Esplanade
P001458,r27,bus052,1135,1140,6,Ultadanga -> Ruby
P001457,r28,bus008,1130,1145,6,Ultadanga -> Phoolbagan -> Sealdah -> Park Street
P001461,r25,bus001,1140,1160,6,Salt Lake -> Karunamoyee -> Ultadanga -> Esplanade -> Howrah Station
P001463,r3,bus049,1130,1150,5,Tollygunge -> Hazra -> Kalighat -> Minto Park -> Esplanade
P001462,r20,bus019,1135,1140,3,VIP Road -> Airport Gate No. 1
P001469,r25,bus001,1140,1155,4,Salt Lake -> Karunamoyee -> Ultadanga -> Esplanade
P001472,r3,bus049,1140,1150,6,Kalighat -> Minto Park -> Esplanade
P001476,r6,bus118,1140,1155,4,Gariahat -> Golpark -> Hazra -> Kalighat
P001478,r3,bus049,1140,1145,3,Kalighat -> Minto Park
P001475,r6,bus118,1140,1160,1,Gariahat -> Golpark -> Hazra -> Kalighat -> Esplanade
P001487,r46,bus111,1160,1175,6,Garia -> Kamalgazi -> Narendrapur -> Sonarpur
P001489,r52,bus026,1160,1175,5,Esplanade -> Park Street -> Maidan -> Rabindra Sadan
P001486,r9,bus089,1160,1180,2,Jadavpur -> Dhakuria -> Gariahat -> Rashbehari -> Kalighat
P001481,r34,bus054,1145,1155,1,Esplanade -> Salt Lake -> New Town
P001483,r40,bus035,1160,1175,3,Howrah Station -> Esplanade -> Kalighat -> Jadavpur
P001480,r2,bus109,1160,1180,2,Howrah -> Sealdah -> Park Circus -> Ruby -> Garia
P001490,r3,bus049,1155,1160,3,Ultadanga -> Salt Lake
P001492,r14,bus074,1165,1180,5,Rashbehari -> Gariahat -> Ballygunge -> Park Circus
P001495,r53,bus011,1165,1180,6,Dhakuria -> Gariahat -> Golpark -> Bosepukur
P001494,r43,bus014,1165,1180,1,Shyambazar -> MG Road -> Sealdah -> Park Circus
P001497,r35,bus034,1170,1180,5,Esplanade -> Ultadanga -> Karunamoyee
P001499,r19,bus028,1165,1185,6,Ultadanga -> Phoolbagan -> Park Circus -> Ruby -> Garia
P001501,r8,bus017,1170,1175,2,Salt Lake -> Ultadanga
P001503,r52,bus026,1165,1185,6,Park Street -> Maidan -> Rabindra Sadan -> Bhowanipore -> Kalighat
P001498,r6,bus118,1155,1160,4,Kalighat -> Esplanade
P001504,r28,bus008,1170,1185,3,Park Street -> Sealdah -> Phoolbagan -> Ultadanga
P001502,r17,bus012,1165,1185,2,Karunamoyee -> Ultadanga -> Phoolbagan -> Sealdah -> Park Street
P001496,r17,bus012,1170,1185,1,Ultadanga -> Phoolbagan -> Sealdah -> Park Street
P001500,r38,bus073,1170,1185,1,Esplanade -> Ultadanga -> Karunamoyee -> Salt Lake Sector V
P001508,r5,bus006,1165,1180,4,Behala -> Tollygunge -> Hazra -> Esplanade
P001507,r48,bus166,1170,1185,3,Park Circus -> Ripon Street -> SN Banerjee -> Lalbazar
P001509,r11,bus015,1160,1180,2,Barasat -> Dumdum -> Shyambazar -> Esplanade -> Maidan
P001511,r11,bus015,1170,1185,6,Shyambazar -> Esplanade -> Maidan -> Rabindra Sadan
P001515,r11,bus015,1165,1185,6,Dumdum -> Shyambazar -> Esplanade -> Maidan -> Rabindra Sadan
P001517,r30,bus027,1165,1175,6,Gariahat -> Ultadanga -> VIP Road
P001514,r51,bus082,1165,1175,5,Lalbazar -> Esplanade -> Rashbehari
P001512,r4,bus007,1180,1185,3,Kalighat -> Esplanade
P001513,r46,bus111,1165,1185,4,Kamalgazi -> Narendrapur -> Sonarpur -> Garia Station Road -> Ruby Hospital
P001510,r8,bus017,1160,1180,2,Rajarhat -> Newtown -> Salt Lake -> Ultadanga -> Esplanade
P001518,r15,bus066,1175,1190,1,Shyambazar -> Esplanade -> Park Circus -> Ruby Hospital
P001526,r14,bus074,1170,1180,6,Gariahat -> Ballygunge -> Park Circus
P001527,r44,bus071,1170,1180,4,Eco Park -> Eco Space -> Unitech
P001525,r15,bus066,1175,1190,5,Shyambazar -> Esplanade -> Park Circus -> Ruby Hospital
P001521,r12,bus025,1170,1180,2,VIP Road -> Ultadanga -> Phoolbagan
P001522,r2,bus109,1170,1185,5,Park Circus -> Ruby -> Garia -> Sonarpur
P001523,r54,bus075,1170,1185,5,Park Circus -> Ballygunge -> Rashbehari -> Tollygunge
P001524,r21,bus018,1175,1190,1,Kalighat -> Hazra -> Gariahat -> Ultadanga
P001528,r4,bus007,1180,1185,3,Kalighat -> Esplanade
P001529,r57,bus047,1170,1185,2,New Town -> Eco Park -> Chinar Park -> Airport
P001519,r1,bus077,1170,1210,1,MG Road -> Shyambazar -> Sinthee More -> Baranagar -> Dunlop -> BT Road -> Tobin Road -> Khardah -> Titagarh
P001520,r17,bus012,1170,1185,1,Ultadanga -> Phoolbagan -> Sealdah -> Park Street
P001531,r26,bus003,1175,1180,6,Ultadanga -> Salt Lake
P001533,r56,bus004,1170,1175,4,Sinthee -> Shyambazar
P001530,r48,bus166,1175,1190,6,Ripon Street -> SN Banerjee -> Lalbazar -> Howrah Station
P001535,r25,bus001,1190,1215,4,Esplanade -> Ultadanga -> Karunamoyee -> Salt Lake -> ECO Park -> New Town
P001536,r15,bus066,1175,1185,4,Shyambazar -> Esplanade -> Park Circus
P001532,r45,bus067,1175,1180,3,New Alipore -> Alipore
P001537,r51,bus082,1175,1185,2,Rashbehari -> Gariahat -> Ruby
P001539,r45,bus067,1180,1185,2,Alipore -> Minto Park
P001544,r7,bus248,1180,1190,1,Beleghata -> Salt Lake -> Karunamoyee
P001546,r7,bus248,1175,1190,1,Shyambazar -> Beleghata -> Salt Lake -> Karunamoyee
P001538,r7,bus248,1180,1185,2,Beleghata -> Salt Lake
P001540,r39,bus010,1180,1185,2,Park Street -> Rabindra Sadan
P001542,r4,bus007,1185,1190,2,Esplanade -> Howrah Station
P001545,r26,bus003,1175,1190,1,Ultadanga -> Salt Lake -> New Town -> Rajarhat
P001548,r3,bus049,1195,1205,6,Esplanade -> Minto Park -> Kalighat
P001556,r7,bus248,1185,1190,4,Salt Lake -> Karunamoyee
P001558,r3,bus049,1185,1195,6,Salt Lake -> Ultadanga -> Esplanade
P001557,r35,bus034,1185,1190,5,New Town -> Eco Space
P001550,r28,bus008,1180,1190,4,Phoolbagan -> Ultadanga -> Dumdum
P001571,r7,bus248,1185,1190,3,Salt Lake -> Karunamoyee
P001570,r25,bus001,1190,1215,3,Esplanade -> Ultadanga -> Karunamoyee -> Salt Lake -> ECO Park -> New Town
P001560,r25,bus001,1190,1215,1,Esplanade -> Ultadanga -> Karunamoyee -> Salt Lake -> ECO Park -> New Town
P001574,r44,bus071,1210,1235,5,Salt Lake -> Unitech -> Eco Space -> Eco Park -> New Town -> Rajarhat
P001573,r22,bus046,1210,1235,4,Howrah Station -> MG Road -> Sealdah -> Ballygunge -> Jadavpur -> Garia
P001582,r6,bus118,1205,1210,2,Gariahat -> Bosepukur
P001591,r0,bus002,1205,1215,6,New Town -> Unitech -> Eco Space
P001587,r0,bus002,1200,1230,2,College More -> New Town -> Unitech -> Eco Space -> Aliah University -> Daber More -> ECO Park
P001589,r1,bus077,1195,1210,5,BT Road -> Tobin Road -> Khardah -> Titagarh
P001586,r58,bus016,1215,1235,4,Jadavpur -> Kalighat -> Minto Park -> Lalbazar -> Howrah Station
P001599,r8,bus017,1215,1235,6,Esplanade -> Ultadanga -> Salt Lake -> Newtown -> Rajarhat
P001596,r12,bus025,1220,1235,6,Ultadanga -> VIP Road -> Airport Gate No. 1 -> Barasat
P001601,r16,bus101,1220,1235,4,Tollygunge -> Alipore -> Shibpur -> Howrah Station
P001609,r37,bus033,1225,1235,5,Shyambazar -> MG Road -> Park Circus
P001605,r21,bus018,1220,1230,1,Gariahat -> Hazra -> Kalighat
P001615,r37,bus033,1225,1235,5,Shyambazar -> MG Road -> Park Circus
P001614,r54,bus075,1215,1235,5,Rashbehari -> Ballygunge -> Park Circus -> Moulali -> Sealdah
P001610,r8,bus017,1215,1225,3,Esplanade -> Ultadanga -> Salt Lake
P001611,r21,bus018,1220,1230,2,Gariahat -> Hazra -> Kalighat
P001617,r37,bus033,1225,1235,4,Shyambazar -> MG Road -> Park Circus
P001622,r40,bus035,1225,1230,5,Kalighat -> Esplanade
P001619,r2,bus109,1225,1230,4,Park Circus -> Sealdah
P001620,r23,bus038,1220,1230,2,Ultadanga -> VIP Road -> Dumdum
P001621,r23,bus038,1220,1230,2,Ultadanga -> VIP Road -> Dumdum
P001618,r28,bus008,1220,1230,1,Ultadanga -> Phoolbagan -> Sealdah
P001631,r19,bus028,1230,1235,3,Ultadanga -> Salt Lake
P001629,r0,bus002,1220,1235,6,Aliah University -> Daber More -> ECO Park -> City
P001624,r28,bus008,1225,1235,5,Phoolbagan -> Sealdah -> Park Street
P001637,r19,bus028,1230,1235,4,Ultadanga -> Salt Lake
P001647,r25,bus001,1240,1250,6,New Town -> ECO Park -> Salt Lake
P001644,r25,bus001,1240,1250,4,New Town -> ECO Park -> Salt Lake
P001649,r3,bus049,1250,1265,1,Kalighat -> Minto Park -> Esplanade -> Ultadanga
P001661,r25,bus001,1245,1265,3,ECO Park -> Salt Lake -> Karunamoyee -> Ultadanga -> Esplanade
P001673,r28,bus008,1260,1275,6,Park Street -> Sealdah -> Phoolbagan -> Ultadanga
P001668,r25,bus001,1250,1255,3,Salt Lake -> Karunamoyee
P001670,r57,bus047,1260,1275,2,Ultadanga -> Salt Lake -> New Town -> Eco Park
P001671,r10,bus053,1260,1275,2,Dumdum -> Belgachia -> Shyambazar -> Esplanade
P001682,r12,bus025,1265,1280,6,Airport Gate No. 1 -> VIP Road -> Ultadanga -> Phoolbagan
P001675,r29,bus009,1260,1285,5,Sealdah -> Phoolbagan -> Ultadanga -> Salt Lake -> New Town -> Eco Park
P001680,r3,bus049,1250,1260,4,Kalighat -> Minto Park -> Esplanade
P001683,r4,bus007,1260,1280,5,Garia -> Jadavpur -> Kalighat -> Esplanade -> Howrah Station
P001681,r35,bus034,1260,1280,3,Esplanade -> Ultadanga -> Karunamoyee -> New Town -> Eco Space
P001677,r39,bus010,1260,1280,2,Shyambazar -> MG Road -> SN Banerjee -> Esplanade -> Park Street
P001679,r45,bus067,1265,1280,2,Behala -> Sakherbazar -> New Alipore -> Alipore
P001678,r45,bus067,1265,1280,1,Behala -> Sakherbazar -> New Alipore -> Alipore
P001688,r3,bus049,1250,1260,6,Kalighat -> Minto Park -> Esplanade
P001687,r27,bus052,1265,1280,3,Ruby -> Ultadanga -> Salt Lake -> Karunamoyee
P001686,r52,bus026,1270,1285,6,Maidan -> Rabindra Sadan -> Bhowanipore -> Kalighat
P001684,r2,bus109,1265,1280,2,Sealdah -> Park Circus -> Ruby -> Garia
P001685,r40,bus035,1270,1280,1,Kalighat -> Jadavpur -> Garia
P001692,r30,bus027,1260,1275,5,Ruby -> Gariahat -> Ultadanga -> VIP Road
P001690,r40,bus035,1265,1280,5,Esplanade -> Kalighat -> Jadavpur -> Garia
P001691,r17,bus012,1265,1285,5,Karunamoyee -> Ultadanga -> Phoolbagan -> Sealdah -> Park Street
P001694,r7,bus248,1265,1275,4,Shyambazar -> Beleghata -> Salt Lake
P001693,r28,bus008,1265,1280,4,Sealdah -> Phoolbagan -> Ultadanga -> Dumdum
P001695,r14,bus074,1265,1285,1,Rashbehari -> Gariahat -> Ballygunge -> Park Circus -> Sealdah
P001702,r4,bus007,1270,1275,6,Kalighat -> Esplanade
P001697,r45,bus067,1270,1285,2,Sakherbazar -> New Alipore -> Alipore -> Minto Park
P001700,r26,bus003,1265,1275,4,Ultadanga -> Salt Lake -> New Town
P001696,r2,bus109,1265,1270,3,Sealdah -> Park Circus
P001703,r18,bus146,1265,1275,4,Esplanade -> Minto Park -> Gariahat
P001705,r30,bus027,1265,1275,3,Gariahat -> Ultadanga -> VIP Road
P001704,r41,bus092,1275,1280,3,Salt Lake -> Sector V
P001698,r28,bus008,1270,1280,2,Phoolbagan -> Ultadanga -> Dumdum
P001699,r40,bus035,1265,1285,3,Esplanade -> Kalighat -> Jadavpur -> Garia -> Narendrapur
P001701,r48,bus166,1265,1280,2,Ripon Street -> SN Banerjee -> Lalbazar -> Howrah Station
P001706,r4,bus007,1275,1280,1,Esplanade -> Howrah Station
P001709,r11,bus015,1270,1280,3,Shyambazar -> Esplanade -> Maidan
P001711,r7,bus248,1265,1280,1,Shyambazar -> Beleghata -> Salt Lake -> Karunamoyee
P001712,r28,bus008,1270,1280,4,Phoolbagan -> Ultadanga -> Dumdum
P001710,r15,bus066,1270,1275,3,Esplanade -> Park Circus
P001708,r48,bus166,1270,1280,3,SN Banerjee -> Lalbazar -> Howrah Station
P001716,r14,bus074,1275,1285,6,Ballygunge -> Park Circus -> Sealdah
P001714,r4,bus007,1275,1280,5,Esplanade -> Howrah Station
P001720,r29,bus009,1275,1280,3,Salt Lake -> New Town
P001722,r29,bus009,1275,1280,3,Salt Lake -> New Town
P001717,r12,bus025,1275,1285,4,Ultadanga -> Phoolbagan -> Sealdah
P001719,r43,bus014,1275,1285,2,Sealdah -> Park Circus -> Ruby
P001713,r18,bus146,1275,1285,2,Gariahat -> Ruby Hospital -> Patuli
P001728,r5,bus006,1280,1285,6,Esplanade -> Howrah Station
P001733,r50,bus021,1275,1285,3,Ultadanga -> Bidhannagar -> Salt Lake
P001724,r3,bus049,1295,1305,5,Salt Lake -> Ultadanga -> Esplanade
P001726,r10,bus053,1280,1285,5,Tollygunge -> Joka
P001732,r18,bus146,1280,1285,4,Ruby Hospital -> Patuli
P001746,r25,bus001,1300,1325,4,Esplanade -> Ultadanga -> Karunamoyee -> Salt Lake -> ECO Park -> New Town
P001747,r24,bus037,1305,1310,3,Park Circus -> Sealdah
P001754,r52,bus026,1310,1335,5,Kalighat -> Bhowanipore -> Rabindra Sadan -> Maidan -> Park Street -> Esplanade
P001759,r25,bus001,1305,1310,1,Ultadanga -> Karunamoyee
P001758,r4,bus007,1305,1325,5,Howrah Station -> Esplanade -> Kalighat -> Jadavpur -> Garia
P001750,r44,bus071,1310,1325,2,Salt Lake -> Unitech -> Eco Space -> Eco Park
P001755,r4,bus007,1305,1325,3,Howrah Station -> Esplanade -> Kalighat -> Jadavpur -> Garia
P001761,r3,bus049,1300,1305,6,Ultadanga -> Esplanade
P001762,r21,bus018,1310,1320,6,Gariahat -> Hazra -> Kalighat
P001773,r8,bus017,1315,1335,6,Esplanade -> Ultadanga -> Salt Lake -> Newtown -> Rajarhat
P001770,r54,bus075,1310,1335,6,Tollygunge -> Rashbehari -> Ballygunge -> Park Circus -> Moulali -> Sealdah
P001763,r44,bus071,1310,1335,5,Salt Lake -> Unitech -> Eco Space -> Eco Park -> New Town -> Rajarhat
P001771,r25,bus001,1300,1325,2,Esplanade -> Ultadanga -> Karunamoyee -> Salt Lake -> ECO Park -> New Town
P001767,r16,bus101,1310,1325,4,Tollygunge -> Alipore -> Shibpur -> Howrah Station
P001768,r22,bus046,1315,1320,2,MG Road -> Sealdah
P001780,r37,bus033,1320,1330,4,Baranagar -> Shyambazar -> MG Road
P001778,r25,bus001,1305,1325,3,Ultadanga -> Karunamoyee -> Salt Lake -> ECO Park -> New Town
P001782,r44,bus071,1310,1325,4,Salt Lake -> Unitech -> Eco Space -> Eco Park
P001783,r40,bus035,1320,1335,4,Jadavpur -> Kalighat -> Esplanade -> Howrah Station
P001787,r16,bus101,1305,1325,4,Garia -> Tollygunge -> Alipore -> Shibpur -> Howrah Station
P001790,r0,bus002,1325,1335,3,New Town -> Unitech -> Eco Space
P001786,r6,bus118,1315,1325,3,Gariahat -> Bosepukur -> Kasba
P001797,r17,bus012,1325,1330,4,Ultadanga -> Karunamoyee
P001792,r37,bus033,1325,1335,5,Shyambazar -> MG Road -> Park Circus
P001796,r4,bus007,1315,1325,3,Kalighat -> Jadavpur -> Garia
P001798,r29,bus009,1320,1335,2,Salt Lake -> Ultadanga -> Phoolbagan -> Sealdah
P001800,r12,bus025,1320,1335,3,Ultadanga -> VIP Road -> Airport Gate No. 1 -> Barasat
P001803,r18,bus146,1330,1335,2,Esplanade -> Howrah Station
P001805,r0,bus002,1325,1335,1,New Town -> Unitech -> Eco Space
P001813,r22,bus046,1330,1335,5,Jadavpur -> Garia
P001808,r41,bus092,1325,1335,3,Ultadanga -> VIP Road -> Airport Gate No. 1
P001814,r8,bus017,1325,1335,1,Salt Lake -> Newtown -> Rajarhat
P001812,r30,bus027,1330,1335,2,Gariahat -> Ruby
P001817,r12,bus025,1325,1335,2,VIP Road -> Airport Gate No. 1 -> Barasat
P001822,r58,bus016,1330,1335,2,Lalbazar -> Howrah Station
P001828,r25,bus001,1350,1375,5,New Town -> ECO Park -> Salt Lake -> Karunamoyee -> Ultadanga -> Esplanade
P001829,r12,bus025,1330,1335,5,Airport Gate No. 1 -> Barasat
P001832,r3,bus049,1350,1375,2,Tollygunge -> Hazra -> Kalighat -> Minto Park -> Esplanade -> Ultadanga
P001833,r26,bus003,1355,1365,4,Ultadanga -> Salt Lake -> New Town
P001846,r4,bus007,1350,1365,4,Garia -> Jadavpur -> Kalighat -> Esplanade
P001839,r3,bus049,1355,1375,3,Hazra -> Kalighat -> Minto Park -> Esplanade -> Ultadanga
P001842,r26,bus003,1350,1365,2,Esplanade -> Ultadanga -> Salt Lake -> New Town
P001835,r4,bus007,1355,1370,3,Jadavpur -> Kalighat -> Esplanade -> Howrah Station
P001840,r35,bus034,1350,1370,3,Esplanade -> Ultadanga -> Karunamoyee -> New Town -> Eco Space
P001841,r16,bus101,1350,1370,3,Howrah Station -> Shibpur -> Alipore -> Tollygunge -> Garia
P001845,r16,bus101,1350,1370,3,Howrah Station -> Shibpur -> Alipore -> Tollygunge -> Garia
P001847,r25,bus001,1360,1380,6,Salt Lake -> Karunamoyee -> Ultadanga -> Esplanade -> Howrah Station
P001848,r24,bus037,1350,1365,5,Bagbazar -> Shyambazar -> Esplanade -> Sealdah
P001850,r1,bus077,1345,1370,5,Baranagar -> Dunlop -> BT Road -> Tobin Road -> Khardah -> Titagarh
P001849,r15,bus066,1355,1365,1,Shyambazar -> Esplanade -> Park Circus
P001852,r2,bus109,1360,1385,3,Howrah -> Sealdah -> Park Circus -> Ruby -> Garia -> Sonarpur
P001851,r25,bus001,1360,1380,1,Salt Lake -> Karunamoyee -> Ultadanga -> Esplanade -> Howrah Station
P001856,r7,bus248,1365,1370,6,Salt Lake -> Karunamoyee
P001860,r39,bus010,1360,1385,6,Shyambazar -> MG Road -> SN Banerjee -> Esplanade -> Park Street -> Rabindra Sadan
P001854,r48,bus166,1350,1370,5,Park Circus -> Ripon Street -> SN Banerjee -> Lalbazar -> Howrah Station
P001858,r2,bus109,1365,1375,4,Sealdah -> Park Circus -> Ruby
P001859,r26,bus003,1350,1370,4,Esplanade -> Ultadanga -> Salt Lake -> New Town -> Rajarhat
P001857,r3,bus049,1355,1370,1,Hazra -> Kalighat -> Minto Park -> Esplanade
P001861,r35,bus034,1355,1370,1,Ultadanga -> Karunamoyee -> New Town -> Eco Space
P001855,r4,bus007,1365,1370,2,Esplanade -> Howrah Station
P001867,r7,bus248,1355,1370,3,Shyambazar -> Beleghata -> Salt Lake -> Karunamoyee
P001871,r8,bus017,1365,1380,6,Newtown -> Salt Lake -> Ultadanga -> Esplanade
P001873,r16,bus101,1355,1370,6,Shibpur -> Alipore -> Tollygunge -> Garia
P001863,r20,bus019,1360,1365,4,VIP Road -> New Town
P001866,r5,bus006,1360,1375,1,Thakurpukur -> Behala -> Tollygunge -> Hazra
P001862,r18,bus146,1370,1385,5,Minto Park -> Gariahat -> Ruby Hospital -> Patuli
P001868,r3,bus049,1355,1360,2,Hazra -> Kalighat
P001870,r26,bus003,1355,1370,4,Ultadanga -> Salt Lake -> New Town -> Rajarhat
P001865,r26,bus003,1355,1370,3,Ultadanga -> Salt Lake -> New Town -> Rajarhat
P001872,r15,bus066,1355,1365,1,Shyambazar -> Esplanade -> Park Circus
P001864,r38,bus073,1365,1385,2,Minto Park -> Esplanade -> Ultadanga -> Karunamoyee -> Salt Lake Sector V
P001869,r57,bus047,1365,1385,1,Salt Lake -> New Town -> Eco Park -> Chinar Park -> Airport
P001878,r38,bus073,1360,1365,4,Alipore -> Minto Park
P001881,r40,bus035,1370,1380,6,Kalighat -> Jadavpur -> Garia
P001883,r14,bus074,1365,1370,5,Rashbehari -> Gariahat
P001879,r44,bus071,1365,1385,4,New Town -> Eco Park -> Eco Space -> Unitech -> Salt Lake
P001880,r14,bus074,1360,1380,2,Tollygunge -> Rashbehari -> Gariahat -> Ballygunge -> Park Circus
P001876,r46,bus111,1360,1375,3,Garia -> Kamalgazi -> Narendrapur -> Sonarpur
P001874,r34,bus054,1360,1375,2,Kalighat -> Esplanade -> Salt Lake -> New Town
P001882,r7,bus248,1355,1365,1,Shyambazar -> Beleghata -> Salt Lake
P001877,r3,bus049,1360,1375,1,Kalighat -> Minto Park -> Esplanade -> Ultadanga
P001884,r17,bus012,1365,1385,6,Karunamoyee -> Ultadanga -> Phoolbagan -> Sealdah -> Park Street
P001888,r3,bus049,1375,1380,1,Ultadanga -> Salt Lake
P001885,r30,bus027,1375,1380,5,VIP Road -> Airport Gate No. 1
P001886,r19,bus028,1365,1380,5,Ultadanga -> Phoolbagan -> Park Circus -> Ruby
P001891,r57,bus047,1365,1380,5,Salt Lake -> New Town -> Eco Park -> Chinar Park
P001887,r29,bus009,1370,1380,1,Ultadanga -> Salt Lake -> New Town
P001890,r54,bus075,1360,1375,3,Sealdah -> Moulali -> Park Circus -> Ballygunge
P001889,r37,bus033,1365,1380,3,MG Road -> Shyambazar -> Baranagar -> Dunlop
P001898,r12,bus025,1370,1385,5,VIP Road -> Ultadanga -> Phoolbagan -> Sealdah
P001901,r34,bus054,1370,1380,4,Salt Lake -> New Town -> Rajarhat
P001893,r23,bus038,1370,1385,4,VIP Road -> Ultadanga -> Ruby -> Garia
P001895,r22,bus046,1365,1380,3,Jadavpur -> Ballygunge -> Sealdah -> MG Road
P001897,r41,bus092,1375,1380,3,Salt Lake -> Sector V
P001892,r30,bus027,1375,1380,2,VIP Road -> Airport Gate No. 1
P001896,r10,bus053,1370,1380,2,Shyambazar -> Esplanade -> Tollygunge
P001899,r54,bus075,1370,1385,3,Park Circus -> Ballygunge -> Rashbehari -> Tollygunge
P001904,r39,bus010,1375,1380,3,Esplanade -> Park Street
P001905,r56,bus004,1375,1385,5,Shyambazar -> MG Road -> Park Street
P001909,r9,bus089,1375,1380,4,Rashbehari -> Kalighat
P001908,r5,bus006,1380,1385,3,Esplanade -> Howrah Station
P001903,r34,bus054,1375,1380,1,New Town -> Rajarhat
P001907,r37,bus033,1375,1385,1,Baranagar -> Dunlop -> Titagarh
P001911,r52,bus026,1375,1385,1,Rabindra Sadan -> Bhowanipore -> Kalighat
P001918,r5,bus006,1375,1380,4,Hazra -> Esplanade
P001919,r18,bus146,1380,1385,3,Ruby Hospital -> Patuli
P001916,r54,bus075,1375,1380,1,Ballygunge -> Rashbehari
P001913,r38,bus073,1380,1385,2,Karunamoyee -> Salt Lake Sector V
P001924,r21,bus018,1400,1405,1,Gariahat -> Hazra
P001928,r28,bus008,1400,1415,6,Ultadanga -> Phoolbagan -> Sealdah -> Park Street
P001944,r28,bus008,1395,1400,6,Dumdum -> Ultadanga
P001940,r42,bus093,1405,1425,4,Esplanade -> Minto Park -> Hazra -> Kalighat -> Tollygunge
P001948,r44,bus071,1410,1435,1,Salt Lake -> Unitech -> Eco Space -> Eco Park -> New Town -> Rajarhat
P001954,r54,bus075,1415,1425,1,Rashbehari -> Ballygunge -> Park Circus
P001955,r25,bus001,1410,1435,1,Esplanade -> Ultadanga -> Karunamoyee -> Salt Lake -> ECO Park -> New Town
P001962,r18,bus146,1425,1430,5,Minto Park -> Esplanade
P001958,r14,bus074,1410,1415,4,Sealdah -> Park Circus
P001972,r54,bus075,1415,1435,2,Rashbehari -> Ballygunge -> Park Circus -> Moulali -> Sealdah
P001968,r58,bus016,1430,1435,3,Lalbazar -> Howrah Station
P001970,r6,bus118,1425,1435,2,Gariahat -> Bosepukur -> Kasba
P001985,r8,bus017,1420,1425,5,Ultadanga -> Salt Lake
P001983,r8,bus017,1420,1425,3,Ultadanga -> Salt Lake
P001980,r30,bus027,1420,1425,4,VIP Road -> Ultadanga
P001989,r40,bus035,1425,1430,5,Kalighat -> Esplanade
P001979,r10,bus053,1415,1420,3,Tollygunge -> Esplanade
P001984,r12,bus025,1420,1435,3,Ultadanga -> VIP Road -> Airport Gate No. 1 -> Barasat
P001988,r30,bus027,1420,1435,1,VIP Road -> Ultadanga -> Gariahat -> Ruby
P001991,r14,bus074,1430,1435,5,Rashbehari -> Tollygunge
P001994,r37,bus033,1425,1435,3,Shyambazar -> MG Road -> Park Circus
P001993,r29,bus009,1425,1435,2,Ultadanga -> Phoolbagan -> Sealdah
P001997,r44,bus071,1430,1435,2,New Town -> Rajarhat
